url,name,ticker,image_path,release_date,retail_price,number_of_sales,price_premium,average_sale_price,style_code,colorway
https://stockx.com/adidas-yeezy-boost-350-v2-core-black-red-2017,adidas Yeezy Boost 350 V2 Black Red (2017/2020),AD-YB350V2CBR,/images/sneakers/adidas/yeezy/AD-YB350V2CBR.jpg,02/11/2017,$220,67721.0,95.5%,$400,CP9652,CORE BLACK/CORE BLACK/RED
https://stockx.com/adidas-yeezy-boost-350-v2-carbon,adidas Yeezy Boost 350 V2 Carbon,YZB350V2-CBN,/images/sneakers/adidas/yeezy/YZB350V2-CBN.jpg,10/02/2020,$220,46616.0,34.5%,$283,FZ5000,CARBON/CARBON/CARBON
https://stockx.com/adidas-yeezy-boost-700-bright-blue,adidas Yeezy Boost 700 Bright Blue,ADI-ADYB7BBBO,/images/sneakers/adidas/yeezy/ADI-ADYB7BBBO.jpg,04/24/2021,$240,9022.0,56.3%,$364,GZ0541,BRIGHT BLUE/ORANGE
https://stockx.com/adidas-yeezy-500-utility-black,adidas Yeezy 500 Utility Black,YZY500-UTLTYBLK,/images/sneakers/adidas/yeezy/YZY500-UTLTYBLK.jpg,07/07/2018,$200,32286.0,88.5%,$349,F36640,UTILITY BLACK/UTILITY BLACK/UTILITY BLACK
https://stockx.com/adidas-yeezy-500-enflame,adidas Yeezy 500 Enflame,ADI-ADY5EEE,/images/sneakers/adidas/yeezy/ADI-ADY5EEE.jpg,05/08/2021,$200,5638.0,29.0%,$293,GZ5541,ENFLAME/ENFLAME-ENFLAME
https://stockx.com/adidas-yeezy-700-v3-arzareth,adidas Yeezy 700 V3 Arzareth,YZB700V3-AZRT,/images/sneakers/adidas/yeezy/YZB700V3-AZRT.jpg,08/29/2020,$200,19829.0,90.0%,$379,G54850,AZARETH/AZARETH/AZARETH
https://stockx.com/adidas-yeezy-700-v3-alvah,adidas Yeezy 700 V3 Alvah,YZB700V3-ALV,/images/sneakers/adidas/yeezy/YZB700V3-ALV.jpg,04/11/2020,$200,6908.0,124.5%,$410,H67799,ALVAH/ALVAH/ALVAH
https://stockx.com/adidas-yeezy-boost-350-v2-yecher,adidas Yeezy Boost 350 V2 Fade,YZB350V2-YCHR,/images/sneakers/adidas/yeezy/YZB350V2-YCHR.jpg,11/11/2020,$220,5050.0,56.8%,$316,H02795,YECHER/YECHER/YECHER
https://stockx.com/adidas-yeezy-500-high-tactile-orange,adidas Yeezy 500 High Tactile Orange,ADI-ADY5HTOBN,/images/sneakers/adidas/yeezy/ADI-ADY5HTOBN.jpg,05/17/2021,$220,537.0,-1.4%,$224,GW2873,BROWN/NAVY/TACTILE ORANGE
https://stockx.com/adidas-yeezy-500-high-sumac,adidas Yeezy 500 High Sumac,ADI-ADY5HSSI,/images/sneakers/adidas/yeezy/ADI-ADY5HSSI.jpg,05/17/2021,$220,504.0,6.4%,$225,GW2874,SUMAC/INDIGO/RED
https://stockx.com/adidas-yeezy-boost-350-v2-sulfur,adidas Yeezy Boost 350 V2 Sulfur,ADI-ADYB3VSSS,/images/sneakers/adidas/yeezy/ADI-ADYB3VSSS.jpg,05/09/2020,$220,2687.0,61.4%,$319,FY5346,SULFUR/SULFUR/SULFUR
https://stockx.com/adidas-yeezy-boost-700-v3-azael,adidas Yeezy 700 V3 Azael,YZB700V3-AZL,/images/sneakers/adidas/yeezy/YZB700V3-AZL.jpg,12/23/2019,$200,1496.0,301.0%,$784,FW4980,AZAEL/AZAEL/AZAEL
https://stockx.com/adidas-yeezy-boost-700-v2-static,adidas Yeezy Boost 700 V2 Static,Y700V2-STC,/images/sneakers/adidas/yeezy/Y700V2-STC.jpg,12/29/2018,$300,437.0,147.3%,$755,EF2829,STATIC/STATIC/STATIC
https://stockx.com/adidas-yeezy-slide-pure,adidas Yeezy Slide Pure,ADI-ADYSPPP,/images/sneakers/adidas/yeezy/ADI-ADYSPPP.jpg,04/26/2021,$55,15698.0,190.9%,$208,GZ5554,PURE/PURE/PURE
https://stockx.com/adidas-yeezy-slide-enflame-orange,adidas Yeezy Slide Enflame Orange,ADI-ADYSOOO,/images/sneakers/adidas/yeezy/ADI-ADYSOOO.jpg,06/21/2021,$60,4821.0,525.0%,$201,GZ0953,ENFLAME ORANGE/ENFLAME ORANGE/ENFLAME ORANGE
https://stockx.com/adidas-yeezy-boost-350-v2-mono-ice,adidas Yeezy Boost 350 V2 Mono Ice,ADI-ADYB3VMMMI,/images/sneakers/adidas/yeezy/ADI-ADYB3VMMMI.jpg,06/18/2021,$220,7747.0,27.3%,$302,GW2869,MONO ICE/MONO ICE/MONO ICE
https://stockx.com/yeezy-slide-resin,adidas Yeezy Slide Resin,YZSLD-RSN,/images/sneakers/adidas/yeezy/YZSLD-RSN.jpg,04/26/2021,$55,17150.0,245.5%,$196,FX0494/GZ5551,RESIN/RESIN/RESIN
https://stockx.com/adidas-yeezy-450-dark-slate,adidas Yeezy 450 Dark Slate,ADI-ADY4DSDD,/images/sneakers/adidas/yeezy/ADI-ADY4DSDD.jpg,06/26/2021,$200,1572.0,87.0%,$400,,DARK SLATE/DARK SLATE
https://stockx.com/adidas-yeezy-boost-350-v2-mono-cinder,adidas Yeezy Boost 350 V2 Mono Cinder,ADI-ADYB3VMC,/images/sneakers/adidas/yeezy/ADI-ADYB3VMC.jpg,06/24/2021,$220,793.0,50.9%,$354,GX3791,MONO CINDER/MONO CINDER/MONO CINDER
https://stockx.com/adidas-yeezy-500-taupe-light,adidas Yeezy 500 Taupe Light,ADI-ADY5TLTT,/images/sneakers/adidas/yeezy/ADI-ADY5TLTT.jpg,06/05/2021,$200,6975.0,27.0%,$273,GX3605,TAUPE LIGHT/TAUPE LIGHT/TAUPE LIGHT
https://stockx.com/adidas-yeezy-boost-700-mnvn-black-kids,adidas Yeezy Boost 700 MNVN Black (Kids),YZB700M-BL,/images/sneakers/adidas/yeezy/YZB700M-BL.jpg,05/23/2020,$160,,,,FY4394,BLACK/BLACK/BLACK
https://stockx.com/adidas-yeezy-boost-350-v2-lundmark-reflective,adidas Yeezy Boost 350 V2 Lundmark (Reflective),350V2-LMR,/images/sneakers/adidas/yeezy/350V2-LMR.jpg,07/11/2019,$250,,,,FV3254,LUNDMARK/LUNDMARK/LUNDMARK
https://stockx.com/adidas-yeezy-boost-700-mnvn-bone-infant,adidas Yeezy Boost 700 MNVN Bone (Infant),YZB700M-BI,/images/sneakers/adidas/yeezy/YZB700M-BI.jpg,07/11/2020,$140,,,,FY3731,BONE/BONE/BONE
https://stockx.com/adidas-yeezy-boost-380-lmnte,adidas Yeezy Boost 380 Lmnte,YB380-LMN,/images/sneakers/adidas/yeezy/YB380-LMN.jpg,12/12/2020,$230,,,,FZ4982,LMNTE/LMNTE/LMNTE
https://stockx.com/adidas-yeezy-boost-350-v2-desert-sage-infant,adidas Yeezy Boost 350 V2 Desert Sage (Infant),YZB350V2-DSI,/images/sneakers/adidas/yeezy/YZB350V2-DSI.jpg,03/14/2020,$140,,,,FX9041,DESERT SAGE/DESERT SAGE/DESERT SAGE
https://stockx.com/adidas-yeezy-700-v3-safflower-infants,adidas Yeezy 700 V3 Safflower (Infants),YZB700V3-SRPHI,/images/sneakers/adidas/yeezy/YZB700V3-SRPHI.jpg,11/14/2020,$140,,,,G54855,SAFFLOWER/SAFFLOWER/SAFFLOWER
https://stockx.com/adidas-yeezy-boost-350-pirate-black-2016,adidas Yeezy Boost 350 Pirate Black (2016),YZY350-PRTBLK16,/images/sneakers/adidas/yeezy/YZY350-PRTBLK16.jpg,02/19/2016,$200,,,,BB5350,PIRATE BLACK/PIRATE BLACK-PIRATE BLACK
https://stockx.com/adidas-yeezy-boost-700-wave-runner-solid-grey-infants,adidas Yeezy Boost 700 Wave Runner Solid Grey (Infant),YZYB700-WRSGI,/images/sneakers/adidas/yeezy/YZYB700-WRSGI.jpg,08/17/2019,$150,,,,FU8961,SOLID GREY/CHALK WHITE/CORE BLACK
https://stockx.com/adidas-yeezy-boost-750-triple-black,adidas Yeezy Boost 750 Triple Black,YZY750-BLACK,/images/sneakers/adidas/yeezy/YZY750-BLACK.jpg,12/19/2015,$350,,,,BB1839,BLACK/BLACK-BLACK
https://stockx.com/adidas-yeezy-boost-350-oxford-tan,adidas Yeezy Boost 350 Oxford Tan,YZY350-OXTAN,/images/sneakers/adidas/yeezy/YZY350-OXTAN.jpg,12/29/2015,$200,,,,AQ2661,LIGHT STONE/OXFORD TAN-LIGHT STONE
https://stockx.com/adidas-yeezy-boost-750-light-grey-glow-in-the-dark,adidas Yeezy Boost 750 Light Grey Glow In the Dark,YZY750-GLOW,/images/sneakers/adidas/yeezy/YZY750-GLOW.jpg,06/11/2016,$350,,,,BB1840,LIGHT GREY/LIGHT GREY/GUM
https://stockx.com/adidas-yeezy-boost-350-v2-desert-sage-kids,adidas Yeezy Boost 350 V2 Desert Sage (Kids),YZB350V2-DSK,/images/sneakers/adidas/yeezy/YZB350V2-DSK.jpg,03/14/2020,$160,,,,FX9037,DESERT SAGE/DESERT SAGE/DESERT SAGE
https://stockx.com/adidas-yeezy-boost-350-pirate-black-2015,adidas Yeezy Boost 350 Pirate Black (2015),YZY350-PRTBLK,/images/sneakers/adidas/yeezy/YZY350-PRTBLK.jpg,08/22/2015,$200,,,,AQ2659,PIRATE BLACK/PIRATE BLACK-PIRATE BLACK
https://stockx.com/adidas-yzy-qntm-barium-infants,adidas Yeezy QNTM Barium (Infants),YZQNTM-BRMI,/images/sneakers/adidas/yeezy/YZQNTM-BRMI.jpg,06/25/2020,$160,,,,FZ1301,BARIUM/BARIUM/BARIUM
https://stockx.com/adidas-yeezy-boost-350-moonrock,adidas Yeezy Boost 350 Moonrock,YZY350-MNRCK,/images/sneakers/adidas/yeezy/YZY350-MNRCK.jpg,11/14/2015,$200,,,,AQ2660,AGATE GRAY/MOONROCK-AGATE GRAY
https://stockx.com/adidas-yeezy-boost-350-turtledove,adidas Yeezy Boost 350 Turtledove,YZY350-TRTLDV,/images/sneakers/adidas/yeezy/YZY350-TRTLDV.jpg,06/27/2015,$200,,,,AQ4832,
https://stockx.com/adidas-yeezy-boost-350-v2-yecheil-kids,adidas Yeezy Boost 350 V2 Yecheil (Kids),YZB350V2-YCK,/images/sneakers/adidas/yeezy/YZB350V2-YCK.jpg,12/20/2019,$160,,,,FX0777,YECHEIL/YECHEIL/YECHEIL
https://stockx.com/adidas-yeezy-boost-380-onyx-infants,adidas Yeezy Boost 380 Onyx (Infants),YB380-ONXI,/images/sneakers/adidas/yeezy/YB380-ONXI.jpg,11/28/2020,$150,,,,FZ4422,ONYX/ONYX/ONYX
https://stockx.com/adidas-yeezy-boost-700-v2-vanta-ps,adidas Yeezy Boost 700 V2 Vanta (Kids),YZYB700V2-VNTPS,/images/sneakers/adidas/yeezy/YZYB700V2-VNTPS.jpg,06/06/2019,$180,,,,FU6695,VANTA/VANTA/VANTA
https://stockx.com/adidas-yeezy-boost-350-v2-ash-pearl-kids,adidas Yeezy Boost 350 V2 Ash Pearl (Kids),ADI-ADYB3VAAA,/images/sneakers/adidas/yeezy/ADI-ADYB3VAAA.jpg,03/20/2021,$160,,,,GY7659,ASH PEARL/ASH PEARL/ASH PEARL
https://stockx.com/adidas-yzy-qntm-lifestyle-model-infants,adidas Yeezy QNTM Lifestyle Model (Infants),YZY-QNTMI,/images/sneakers/adidas/yeezy/YZY-QNTMI.jpg,09/05/2020,$160,,,,GZ9115,QNTM
https://stockx.com/yeezy-slide-desert-sand-infants,adidas Yeezy Slide Desert Sand (Infants),YZSLD-DSI,/images/sneakers/adidas/yeezy/YZSLD-DSI.jpg,12/06/2019,$35,,,,FW6348,DESERT SAND/DESERT SAND/DESERT SAND
https://stockx.com/adidas-yeezy-boost-350-v2-synth-reflective,adidas Yeezy Boost 350 V2 Synth (Reflective),YZB350V2-SYNR,/images/sneakers/adidas/yeezy/YZB350V2-SYNR.jpg,06/21/2019,$220,,,,FV5666,SYNTH/SYNTH/SYNTH
https://stockx.com/adidas-yzy-qntm-ophani-kids,adidas Yeezy QNTM Teal Blue (Kids),ADI-ADYQOOOK,/images/sneakers/adidas/yeezy/ADI-ADYQOOOK.jpg,10/10/2020,$180,,,,G58865,OPHANI/OPHANI/OPHANI
https://stockx.com/adidas-yeezy-boost-380-hylte-glow-infants,adidas Yeezy Boost 380 Hylte (Infants),YB380-BLFI,/images/sneakers/adidas/yeezy/YB380-BLFI.jpg,,$150,,,,,HYLTE/HYLTE/HYLTE
https://stockx.com/adidas-yzy-qntm-ophani-infants,adidas Yeezy QNTM Teal Blue (Infants),ADI-ADYQOOOI,/images/sneakers/adidas/yeezy/ADI-ADYQOOOI.jpg,10/10/2020,$160,,,,G58866,OPHANI/OPHANI/OPHANI
https://stockx.com/adidas-yeezy-boost-350-pirate-black-i,adidas Yeezy Boost 350 Pirate Black (Infant),YZY350I-PRTBLK,/images/sneakers/adidas/yeezy/YZY350I-PRTBLK.jpg,08/27/2016,$130,,,,BB5355,PIRATE BLACK/BLUE GREY/CORE BLACK
https://stockx.com/adidas-yeezy-desert-boot-oil,adidas Yeezy Desert Boot Oil,YZDSBT-OIL,/images/sneakers/adidas/yeezy/YZDSBT-OIL.jpg,04/20/2019,$200,,,,EG6463,OIL/OIL/OIL
https://stockx.com/adidas-yeezy-boost-380-blue-oat-reflective,adidas Yeezy Boost 380 Blue Oat Reflective,YB380-BLOR,/images/sneakers/adidas/yeezy/YB380-BLOR.jpg,07/24/2020,$250,,,,FX9847,BLUE OAT/BLUE OAT/BLUE OAT
https://stockx.com/adidas-yeezy-boost-350-v2-synth,adidas Yeezy Boost 350 V2 Synth (Non-Reflective),YZB350V2-SYN,/images/sneakers/adidas/yeezy/YZB350V2-SYN.jpg,06/22/2019,$220,,,,FV5578,SYNTH/SYNTH/SYNTH
https://stockx.com/adidas-yeezy-700-v3-arzareth-kids,adidas Yeezy 700 V3 Arzareth (Kids),YZB700V3-AZRTK,/images/sneakers/adidas/yeezy/YZB700V3-AZRTK.jpg,08/29/2020,$130,,,,G54851,AZARETH/AZARETH/AZARETH
https://stockx.com/adidas-yeezy-boost-350-v2-carbon-infants,adidas Yeezy Boost 350 V2 Carbon (Infants),YZB350V2-CBNI,/images/sneakers/adidas/yeezy/YZB350V2-CBNI.jpg,10/02/2020,$140,,,,FZ5002,CARBON/CARBON/CARBON
https://stockx.com/yeezy-slide-resin-kids,adidas Yeezy Slide Resin (Kids),YZSLD-RSNK,/images/sneakers/adidas/yeezy/YZSLD-RSNK.jpg,12/06/2019,$45,,,,FX0495,RESIN/RESIN/RESIN
https://stockx.com/adidas-yeezy-boost-350-v2-cream-white-i,adidas Yeezy Boost 350 V2 Cream White (Infant),AD-YB350VCWI,/images/sneakers/adidas/yeezy/AD-YB350VCWI.jpg,04/29/2017,$140,,,,BB6373,CREAM WHITE/CREAM WHITE
https://stockx.com/adidas-yeezy-boost-350-v2-flax,adidas Yeezy Boost 350 V2 Flax,YB350V2-FLX,/images/sneakers/adidas/yeezy/YB350V2-FLX.jpg,02/22/2020,$220,,,,FX9028,FLAX/FLAX/FLAX
https://stockx.com/adidas-yeezy-boost-350-v2-israfil-kids,adidas Yeezy Boost 350 V2 Israfil (Kids),YZB350V2-ISRFK,/images/sneakers/adidas/yeezy/YZB350V2-ISRFK.jpg,08/22/2020,$160,,,,FZ5422,ISRAFIL/ISRAFIL/ISRAFIL
https://stockx.com/yeezy-slide-bone-infants,adidas Yeezy Slide Bone (Infants),YZSLD-BNI,/images/sneakers/adidas/yeezy/YZSLD-BNI.jpg,12/06/2019,$35,,,,FW6349,BONE/BONE/BONE
https://stockx.com/yeezy-slide-earth-brown-kids,adidas Yeezy Slide Earth Brown (Kids),YZY-YESEBEEK,/images/sneakers/adidas/yeezy/YZY-YESEBEEK.jpg,04/16/2020,$45,,,,FV9907,EARTH BROWN/EARTH BROWN/EARTH BROWN
https://stockx.com/adidas-yeezy-boost-700-mnvn-bone-kids,adidas Yeezy Boost 700 MNVN Bone (Kids),YZB700M-BK,/images/sneakers/adidas/yeezy/YZB700M-BK.jpg,07/11/2020,$160,,,,FY3730,BONE/BONE/BONE
https://stockx.com/adidas-yeezy-boost-350-v2-israfil-infant,adidas Yeezy Boost 350 V2 Israfil (Infant),YZB350V2-ISRFI,/images/sneakers/adidas/yeezy/YZB350V2-ISRFI.jpg,08/22/2020,$140,,,,FZ5423,ISRAFIL/ISRAFIL/ISRAFIL
https://stockx.com/adidas-yeezy-powerphase-quiet-grey,adidas Yeezy Powerphase Quiet Grey,YZYPP-QG,/images/sneakers/adidas/yeezy/YZYPP-QG.jpg,09/18/2019,$120,,,,FV6125,QUIET GREY/QUIET GREY/QUIET GREY
https://stockx.com/adidas-yeezy-powerphase-calabasas-core-white,adidas Yeezy Powerphase Calabasas Core White,YZYPWRPH-CWHT,/images/sneakers/adidas/yeezy/YZYPWRPH-CWHT.jpg,03/28/2017,$120,,,,CQ1693,
https://stockx.com/adidas-yeezy-boost-380-azure-reflective,adidas Yeezy Boost 380 Azure Reflective,YB380-AZRRF,/images/sneakers/adidas/yeezy/YB380-AZRRF.jpg,12/12/2020,$250,,,,H02538,AZURE/AURE/AZURE
https://stockx.com/adidas-yeezy-700-v3-safflower-kids,adidas Yeezy 700 V3 Safflower (Kids),YZB700V3-SRPHK,/images/sneakers/adidas/yeezy/YZB700V3-SRPHK.jpg,11/14/2020,$160,,,,G54854,SAFFLOWER/SAFFLOWER/SAFFLOWER
https://stockx.com/adidas-yeezy-boost-350-v2-yeshaya-kids,adidas Yeezy Boost 350 V2 Yeshaya (Kids),YZB350V2-YSK,/images/sneakers/adidas/yeezy/YZB350V2-YSK.jpg,01/25/2020,$160,,,,FX4351,YESHAYA/YESHAYA/YESHAYA
https://stockx.com/adidas-yeezy-boost-350-v2-cloud-white-infant,adidas Yeezy Boost 350 V2 Cloud White (Infant),350V2-CWI,/images/sneakers/adidas/yeezy/350V2-CWI.jpg,09/21/2019,$140,,,,FW3046,CLOUD WHITE/CLOUD WHITE/CLOUD WHITE
https://stockx.com/adidas-yeezy-700-v3-alvah-infant,adidas Yeezy 700 V3 Alvah (Infant),YZB700V3-ALVI,/images/sneakers/adidas/yeezy/YZB700V3-ALVI.jpg,04/11/2020,$140,,,,H67801,ALVAH/ALVAH/ALVAH
https://stockx.com/adidas-yeezy-boost-750-chocolate-light-brown-gum,adidas Yeezy Boost 750 Light Brown Gum (Chocolate),YZY750-BROWNGUM,/images/sneakers/adidas/yeezy/YZY750-BROWNGUM.jpg,10/15/2016,$350,,,,BY2456,LIGHT BROWN/LIGHT BROWN/GUM
https://stockx.com/adidas-yeezy-boost-700-mnvn-phosphor-infant,adidas Yeezy Boost 700 MNVN Phosphor (Infant),YZB700M-PI,/images/sneakers/adidas/yeezy/YZB700M-PI.jpg,04/24/2020,$140,,,,FY3728,PHOSPHOR/PHOSPHOR/PHOSPHOR
https://stockx.com/adidas-yeezy-boost-380-blue-oat-infants,adidas Yeezy Boost 380 Blue Oat (Infants),YB380-BLFGI,/images/sneakers/adidas/yeezy/YB380-BLFGI.jpg,07/25/2020,$150,,,,Q47396,BLUE OAT/BLUE OAT/BLUE OAT
https://stockx.com/adidas-yeezy-boost-500-stone-kids,adidas Yeezy 500 Stone (Kids),YZY500-STNK,/images/sneakers/adidas/yeezy/YZY500-STNK.jpg,11/23/2019,$130,,,,FW4843,STONE/STONE/STONE
https://stockx.com/yeezy-slide-earth-brown-infants,adidas Yeezy Slide Earth Brown (Infants),YZY-YESEBEEI,/images/sneakers/adidas/yeezy/YZY-YESEBEEI.jpg,04/16/2020,$35,,,,FV9913,EARTH BROWN/EARTH BROWN/EARTH BROWN
https://stockx.com/adidas-yzy-qntm-barium-kids,adidas Yeezy QNTM Barium (Kids),YZQNTM-BRMK,/images/sneakers/adidas/yeezy/YZQNTM-BRMK.jpg,06/25/2020,$180,,,,FZ1300,BARIUM/BARIUM/BARIUM
https://stockx.com/adidas-yeezy-boost-350-v2-yeshaya-infant,adidas Yeezy Boost 350 V2 Yeshaya (Infant),YZB350V2-YSI,/images/sneakers/adidas/yeezy/YZB350V2-YSI.jpg,01/25/2020,$140,,,,FX4350,YESHAYA/YESHAYA/YESHAYA
https://stockx.com/adidas-yeezy-boost-350-v2-citrin-infant,adidas Yeezy Boost 350 V2 Citrin (Infant),350V2-CTRNI,/images/sneakers/adidas/yeezy/350V2-CTRNI.jpg,09/23/2019,$140,,,,FW3047,CITRIN/CITRIN/CITRIN
https://stockx.com/adidas-yeezy-boost-350-v2-black-infant,adidas Yeezy Boost 350 V2 Black (Infant) (Non-Reflective),YZB350V2-SBI,/images/sneakers/adidas/yeezy/YZB350V2-SBI.jpg,06/07/2019,$140,,,,FU9011,BLACK/BLACK/BLACK
https://stockx.com/adidas-yeezy-boost-350-v2-cloud-white-kids,adidas Yeezy Boost 350 V2 Cloud White (Kids),350V2-CWK,/images/sneakers/adidas/yeezy/350V2-CWK.jpg,09/21/2019,$160,,,,FW3051,CLOUD WHITE/CLOUD WHITE/CLOUD WHITE
https://stockx.com/adidas-yeezy-desert-boot-rock-infants,adidas Yeezy Desert Boot Rock (Infant),YZDSBT-RKI,/images/sneakers/adidas/yeezy/YZDSBT-RKI.jpg,09/14/2019,,,,,EG6683,ROCK/ROCK/ROCK
https://stockx.com/adidas-yeezy-boost-350-v2-yecheil-infants,adidas Yeezy Boost 350 V2 Yecheil (Infant),YZB350V2-YCI,/images/sneakers/adidas/yeezy/YZB350V2-YCI.jpg,12/20/2019,$140,,,,FX0780,YECHEIL/YECHEIL/YECHEIL
https://stockx.com/adidas-yeezy-500-stone-infant,adidas Yeezy 500 Stone (Infant),YZB500-STNTD,/images/sneakers/adidas/yeezy/YZB500-STNTD.jpg,11/23/2019,$100,,,,FW4849,STONE/STONE/STONE
https://stockx.com/adidas-yzy-qntm-lifestyle-model-kids,adidas Yeezy QNTM Lifestyle Model (Kids),YZY-QNTMK,/images/sneakers/adidas/yeezy/YZY-QNTMK.jpg,09/05/2020,$180,,,,GZ9114,QNTM
https://stockx.com/adidas-yeezy-boost-700-mnvn-orange-kids,adidas Yeezy Boost 700 MNVN Orange (Kids),YZB700M-OK,/images/sneakers/adidas/yeezy/YZB700M-OK.jpg,02/28/2020,,,,,FX3354,ORANGE/ORANGE/ORANGE
https://stockx.com/adidas-yeezy-boost-350-v2-antlia-infant,adidas Yeezy Boost 350 V2 Antlia (Infant),YZB350V2-ANTTD,/images/sneakers/adidas/yeezy/YZB350V2-ANTTD.jpg,06/22/2019,$140,,,,FV3245,ANTLIA/ANTLIA/ANTLIA
https://stockx.com/adidas-yeezy-boost-380-onyx-kids,adidas Yeezy Boost 380 Onyx (Kids),YB380-ONXK,/images/sneakers/adidas/yeezy/YB380-ONXK.jpg,11/28/2020,$170,,,,FZ4418,ONYX/ONYX/ONYX
https://stockx.com/adidas-yeezy-500-soft-vision-kids,adidas Yeezy 500 Soft Vision (Kids),YZB500-SVPS,/images/sneakers/adidas/yeezy/YZB500-SVPS.jpg,11/02/2019,$130,,,,,SOFT VISION/SOFT VISION/SOFT VISION
https://stockx.com/adidas-yeezy-boost-700-mnvn-orange-infant,adidas Yeezy Boost 700 MNVN Orange (Infant),YZB700M-OI,/images/sneakers/adidas/yeezy/YZB700M-OI.jpg,02/28/2020,$220,,,,FX3355,ORANGE/ORANGE/ORANGE
https://stockx.com/adidas-yeezy-boost-380-mist-infants,adidas Yeezy Boost 380 Mist (Infants),YB380-MSTI,/images/sneakers/adidas/yeezy/YB380-MSTI.jpg,03/25/2020,$150,,,,FX9765,MIST/MIST/MIST
https://stockx.com/adidas-yeezy-boost-380-pepper-infants,adidas Yeezy Boost 380 Pepper (Infants),YB380-PPRI,/images/sneakers/adidas/yeezy/YB380-PPRI.jpg,09/19/2020,$150,,,,FZ4421,PEPPER/PEPPER/PEPPER
https://stockx.com/yeezy-slide-desert-sand-kids,adidas Yeezy Slide Desert Sand (Kids),YZSLD-DSK,/images/sneakers/adidas/yeezy/YZSLD-DSK.jpg,12/06/2019,$45,,,,FW6346,DESERT SAND/DESERT SAND/DESERT SAND
https://stockx.com/adidas-yeezy-500-bone-white-kids,adidas Yeezy 500 Bone White (Kids),YZB500-BWPS,/images/sneakers/adidas/yeezy/YZB500-BWPS.jpg,08/24/2019,$130,,,,FV6770,BONE WHITE/BONE WHITE/BONE WHITE
https://stockx.com/adidas-yeezy-boost-380-lmnte-reflective,adidas Yeezy Boost 380 Lmnte Reflective,YB380-LMNR,/images/sneakers/adidas/yeezy/YB380-LMNR.jpg,12/12/2020,$250,,,,H02541,LMNTE/LMNTE/LMNTE
https://stockx.com/adidas-yeezy-desert-boot-oil-infants,adidas Yeezy Desert Boot Oil (Infants),YZDSBT-OILI,/images/sneakers/adidas/yeezy/YZDSBT-OILI.jpg,09/14/2019,,,,,EG6684,OIL/OIL/OIL
https://stockx.com/adidas-yeezy-boost-350-v2-clay-td,adidas Yeezy Boost 350 V2 Clay (Infant),YZB350V2-CLYTD,/images/sneakers/adidas/yeezy/YZB350V2-CLYTD.jpg,03/30/2019,$140,,,,EG6881,CLAY/CLAY/CLAY
https://stockx.com/adidas-yeezy-boost-350-v2-lundmark-infant,adidas Yeezy Boost 350 V2 Lundmark (Infant),350V2-LMTD,/images/sneakers/adidas/yeezy/350V2-LMTD.jpg,07/13/2019,$140,,,,FV3246,LUNDMARK/LUNDMARK/LUNDMARK
https://stockx.com/adidas-yeezy-desert-boot-oil-kids,adidas Yeezy Desert Boot Oil (Kids),YZDSBT-OILK,/images/sneakers/adidas/yeezy/YZDSBT-OILK.jpg,09/14/2019,,,,,EG6489,OIL/OIL/OIL
https://stockx.com/adidas-yeezy-500-soft-vision-infant,adidas Yeezy 500 Soft Vision (Infant),YZB500-SVTD,/images/sneakers/adidas/yeezy/YZB500-SVTD.jpg,11/02/2019,$100,,,,,SOFT VISION/SOFT VISION/SOFT VISION
https://stockx.com/adidas-yeezy-boost-700-v2-vanta-td,adidas Yeezy Boost 700 V2 Vanta (Infant),YZYB700V2-VNTTD,/images/sneakers/adidas/yeezy/YZYB700V2-VNTTD.jpg,06/06/2019,$150,,,,FU6686,VANTA/VANTA/VANTA
https://stockx.com/adidas-yeezy-boost-350-v2-glow-infant,adidas Yeezy Boost 350 V2 Glow (Infant),YZB350V2-GLWI,/images/sneakers/adidas/yeezy/YZB350V2-GLWI.jpg,05/25/2019,$160,,,,EG6887,GLOW/GLOW/GLOW
https://stockx.com/adidas-yeezy-500-bone-white-infant,adidas Yeezy 500 Bone White (Infant),YZB500-BWTD,/images/sneakers/adidas/yeezy/YZB500-BWTD.jpg,08/24/2019,$100,,,,,BONE WHITE/BONE WHITE/BONE WHITE
https://stockx.com/adidas-yeezy-boost-350-turtle-dove-i,adidas Yeezy Boost 350 Turtledove (Infant),YZY350I-TRTLDV,/images/sneakers/adidas/yeezy/YZY350I-TRTLDV.jpg,08/27/2016,$130,,,,BB5354,TURTLEDOVE/BLUE GREY/CORE WHITE
https://stockx.com/adidas-yeezy-qntm-frozen-blue-kids,adidas Yeezy QNTM Frozen Blue (Kids),ADI-ADYQFBFFK,/images/sneakers/adidas/yeezy/ADI-ADYQFBFFK.jpg,12/23/2020,,,,,GZ8871,FROZEN BLUE/FROZEN BLUE/FROZEN BLUE
https://stockx.com/adidas-yeezy-boost-350-v2-glow-kids,adidas Yeezy Boost 350 V2 Glow (Kids),YZB350V2-GLWPS,/images/sneakers/adidas/yeezy/YZB350V2-GLWPS.jpg,05/25/2019,$180,,,,EG6884,GLOW/GLOW/GLOW
https://stockx.com/adidas-yeezy-boost-350-v2-synth-td,adidas Yeezy Boost 350 V2 Synth (Infant),YZB350V2-SYNTD,/images/sneakers/adidas/yeezy/YZB350V2-SYNTD.jpg,06/22/2019,$140,,,,,SYNTH/SYNTH/SYNTH
https://stockx.com/adidas-yeezy-qntm-frozen-blue-infant,adidas Yeezy QNTM Frozen Blue (Infant),ADI-ADYQFBFFI,/images/sneakers/adidas/yeezy/ADI-ADYQFBFFI.jpg,12/23/2020,,,,,GZ8870,FROZEN BLUE/FROZEN BLUE/FROZEN BLUE
https://stockx.com/adidas-yeezy-desert-boot-rock-kids,adidas Yeezy Desert Boot Rock (Kids),YZDSBT-RKK,/images/sneakers/adidas/yeezy/YZDSBT-RKK.jpg,09/14/2019,,,,,EG6490,ROCK/ROCK/ROCK
https://stockx.com/adidas-yeezy-desert-boot-salt-infants,adidas Yeezy Desert Boot Salt (Infant),YZDSBT-SLTI,/images/sneakers/adidas/yeezy/YZDSBT-SLTI.jpg,09/14/2019,,,,,FV5686,SALT/SALT/SALT
https://stockx.com/adidas-yeezy-desert-boot-salt-kids,adidas Yeezy Desert Boot Salt (Kids),YZDSBT-SLTK,/images/sneakers/adidas/yeezy/YZDSBT-SLTK.jpg,09/14/2019,,,,,FV5682,SALT/SALT/SALT
https://stockx.com/adidas-yeezy-boost-350-v2-synth-ps,adidas Yeezy Boost 350 V2 Synth (Kids),YZB350V2-SYNPS,/images/sneakers/adidas/yeezy/YZB350V2-SYNPS.jpg,06/22/2019,$160,,,,,SYNTH/SYNTH/SYNTH
https://stockx.com/adidas-yeezy-boost-950-pirate-black,adidas Yeezy Boost 950 Pirate Black,YZY950-PRTBLK,/images/sneakers/adidas/yeezy/YZY950-PRTBLK.jpg,10/29/2015,$585,,,,AQ4831,PIRATE BLACK/PIRATE BLACK-PIRATE BLACK
https://stockx.com/adidas-yeezy-boost-750-light-brown,adidas Yeezy Boost 750 OG Light Brown,YZY750-BROWN,/images/sneakers/adidas/yeezy/YZY750-BROWN.jpg,02/14/2015,$350,,,,B35309,BROWN/CARBON WHITE-LIGHT BROWN
https://stockx.com/adidas-yeezy-desert-boot-cinder-w,adidas Yeezy Desert Boot Cinder (W),ADI-ADYDBCCC,/images/sneakers/adidas/yeezy/ADI-ADYDBCCC.jpg,,$295,,,,YZ7WF7003-212,CINDER/CINDER
https://stockx.com/adidas-yeezy-boost-950-moonrock,adidas Yeezy Boost 950 Moonrock,YZY950-MNRCK,/images/sneakers/adidas/yeezy/YZY950-MNRCK.jpg,10/29/2015,$585,,,,AQ4829,MOONROCK/MOONROCK-MOONROCK
https://stockx.com/adidas-yeezy-boost-950-pirate-black-w,adidas Yeezy Boost 950 Pirate Black (W),YZY950-PRTBLKW,/images/sneakers/adidas/yeezy/YZY950-PRTBLKW.jpg,10/29/2015,$625,,,,AQ4837,PIRATE BLACK/PIRATE BLACK-PIRATE BLACK
https://stockx.com/adidas-yeezy-desert-boot-house-blue-w,adidas Yeezy Desert Boot House Blue (W),ADI-ADYDBHBHH,/images/sneakers/adidas/yeezy/ADI-ADYDBHBHH.jpg,,$295,,,,YZ7WF7003-202,HOUSE BLUE/HOUSE BLUE
https://stockx.com/adidas-yeezy-380-yecoraite-reflective-kids,adidas Yeezy 380 Yecoraite Reflective (Kids),ADI-ADY3YRYYK,/images/sneakers/adidas/yeezy/ADI-ADY3YRYYK.jpg,,,,,,GY2650,YECORAITE RF/YECORAITE RF/YECORAITE RF
https://stockx.com/adidas-yeezy-380-covellite-kids,adidas Yeezy 380 Covellite (Kids),ADI-ADY3CCCK,/images/sneakers/adidas/yeezy/ADI-ADY3CCCK.jpg,03/15/2021,$170,,,,GZ0455,COVELLITE/COVELLITE/COVELLITE
https://stockx.com/adidas-yeezy-boost-950-chocolate,adidas Yeezy Boost 950 Chocolate,YZY950-CHOCO,/images/sneakers/adidas/yeezy/YZY950-CHOCO.jpg,10/29/2015,$585,,,,AQ4830,CHOCOLATE/CHOCOLATE-CHOCOLATE
https://stockx.com/adidas-yeezy-boost-950-peyote,adidas Yeezy Boost 950 Peyote,YZY950-PEYOTE,/images/sneakers/adidas/yeezy/YZY950-PEYOTE.jpg,10/29/2015,$585,,,,AQ4828,PEYOTE/PEYOTE-PEYOTE
https://stockx.com/adidas-yeezy-380-covellite-infants,adidas Yeezy 380 Covellite (Infants),ADI-ADY3CCCI,/images/sneakers/adidas/yeezy/ADI-ADY3CCCI.jpg,03/15/2021,$150,,,,GZ0456,COVELLITE/COVELLITE/COVELLITE
https://stockx.com/adidas-yeezy-500-shadow-black-ff,adidas Yeezy 500 Shadow Black (Friends & Family),AD-Y500SBKFF,/images/sneakers/adidas/yeezy/AD-Y500SBKFF.jpg,07/07/2018,$200,,,,,SHADOW BLACK/SHADOW BLACK/SHADOW BLACK
https://stockx.com/adidas-yeezy-380-yecoraite-reflective-infants,adidas Yeezy 380 Yecoraite Reflective (Infants),ADI-ADY3YRYYI,/images/sneakers/adidas/yeezy/ADI-ADY3YRYYI.jpg,,,,,,GY2651,YECORAITE RF/YECORAITE RF/YECORAITE RF
https://stockx.com/adidas-yeezy-boost-950-moonrock-w,adidas Yeezy Boost 950 Moonrock (W),YZY950-MNRCKW,/images/sneakers/adidas/yeezy/YZY950-MNRCKW.jpg,10/29/2015,$625,,,,AQ4836,MOONROCK/MOONROCK-MOONROCK
https://stockx.com/adidas-yeezy-desert-boot-taupe-w,adidas Yeezy Desert Boot Taupe (W),ADI-ADYDBTTT,/images/sneakers/adidas/yeezy/ADI-ADYDBTTT.jpg,,$295,,,,YZ7WF7003-214,TAUPE/TAUPE
https://stockx.com/yeezy-season-7-fleece-slide-aqua,Yeezy Season 7 Fleece Slide Aqua,YZYSVSLD-Q,/images/sneakers/adidas/yeezy/YZYSVSLD-Q.jpg,,,,,,YZ7MF7005-125,AQUA
https://stockx.com/adidas-yeezy-boost-350-v2-oreo,adidas Yeezy Boost 350 V2 Oreo,ADI-ADYB3VOBKW,/images/sneakers/adidas/yeezy/ADI-ADYB3VOBKW.jpg,,$220,,,,,BLACK/WHITE/GREY
https://stockx.com/adidas-yeezy-boost-380-stone-salt,adidas Yeezy Boost 380 Stone Salt,ADI-ADYB3SSSS,/images/sneakers/adidas/yeezy/ADI-ADYB3SSSS.jpg,,$230,,,,GZ0473,STONE SALT/STONE SALT/STONE SALT
https://stockx.com/adidas-yeezy-boost-700-mnvn-blue-tint,adidas Yeezy Boost 700 MNVN Blue Tint,ADI-ADYB7MBBT,/images/sneakers/adidas/yeezy/ADI-ADYB7MBBT.jpg,,$220,,,,,BLUE TINT/BLACK
https://stockx.com/adidas-yeezy-boost-700-mnvn-honey-flux,adidas Yeezy Boost 700 MNVN Honey Flux,ADI-ADYB7MHHH,/images/sneakers/adidas/yeezy/ADI-ADYB7MHHH.jpg,,$220,,,,,HONEY FLUX/HONEY FLUX/HONEY FLUX
https://stockx.com/adidas-yeezy-boost-350-v2-light,adidas Yeezy Boost 350 V2 Light,ADI-ADY3VLLL,/images/sneakers/adidas/yeezy/ADI-ADY3VLLL.jpg,,$220,,,,,LIGHT/LIGHT/LIGHT
https://stockx.com/adidas-yeezy-boost-380-yecoraite-kids,adidas Yeezy Boost 380 Yecoraite (Kids),YB380-YCRTK,/images/sneakers/adidas/yeezy/YB380-YCRTK.jpg,,$170,,,,,YECORAITE/YECORAITE/YECORAITE
https://stockx.com/adidas-yeezy-boost-350-v2-mx-oat,adidas Yeezy Boost 350 V2 MX Oat,ADI-ADYB3VMMM,/images/sneakers/adidas/yeezy/ADI-ADYB3VMMM.jpg,,$220,,,,,MX OAT/MX OAT/MX OAT
https://stockx.com/adidas-yeezy-boost-350-v2-mx-rock,adidas Yeezy Boost 350 V2 MX Rock,ADI-ADYB3VMX,/images/sneakers/adidas/yeezy/ADI-ADYB3VMX.jpg,,$220,,,,,MX ROCK/MX ROCK/MX ROCK
https://stockx.com/adidas-yeezy-700-v3-clay-brown-infants,adidas Yeezy 700 V3 Clay Brown (Infants),YZB700V3-CLBRNI,/images/sneakers/adidas/yeezy/YZB700V3-CLBRNI.jpg,,$140,,,,,EREMIAL/EREMIAL/EREMIAL
https://stockx.com/adidas-yeezy-boost-380-yecoraite-infants,adidas Yeezy Boost 380 Yecoraite (Infants),YB380-YCRTI,/images/sneakers/adidas/yeezy/YB380-YCRTI.jpg,,$150,,,,,YECORAITE/YECORAITE/YECORAITE
https://stockx.com/yeezy-slide-core-kids,adidas Yeezy Slide Core (Kids),YZYSLD-CREK,/images/sneakers/adidas/yeezy/YZYSLD-CREK.jpg,09/04/2020,,,,,,CORE/CORE/CORE
https://stockx.com/adidas-yeezy-boost-350-v2-yecher-kids,adidas Yeezy Boost 350 V2 Fade (Kids),YZB350V2-YCHRK,/images/sneakers/adidas/yeezy/YZB350V2-YCHRK.jpg,11/11/2020,$160,,,,,YECHER/YECHER/YECHER
https://stockx.com/adidas-yeezy-boost-350-v2-yecher-infants,adidas Yeezy Boost 350 V2 Fade (Infants),YZB350V2-YCHRI,/images/sneakers/adidas/yeezy/YZB350V2-YCHRI.jpg,11/11/2020,$140,,,,,YECHER/YECHER/YECHER
https://stockx.com/adidas-yeezy-boost-380-yecoraite,adidas Yeezy Boost 380 Yecoraite,YB380-YCRT,/images/sneakers/adidas/yeezy/YB380-YCRT.jpg,,$230,,,,,YECORAITE/YECORAITE/YECORAITE
https://stockx.com/adidas-yeezy-boost-350-v2-natural-kids,adidas Yeezy Boost 350 V2 Natural (Kids),YZB350V2-ABEZK,/images/sneakers/adidas/yeezy/YZB350V2-ABEZK.jpg,,$160,,,,,NATURAL/NATURAL/NATURAL
https://stockx.com/adidas-yeezy-boost-350-v2-israfil-reflective,adidas Yeezy Boost 350 V2 Israfil Reflective,YZB350V2-ISRFRF,/images/sneakers/adidas/yeezy/YZB350V2-ISRFRF.jpg,,$250,,,,,ISRAFIL/ISRAFIL/ISRAFIL
https://stockx.com/adidas-yeezy-boost-350-v2-sand-taupe-infants,adidas Yeezy Boost 350 V2 Sand Taupe (Infants),YZB350V2-ELDAI,/images/sneakers/adidas/yeezy/YZB350V2-ELDAI.jpg,12/18/2020,$140,,,,,ELIADA/ELIADA/ELIADA
https://stockx.com/adidas-yeezy-boost-350-v2-sand-taupe-kids,adidas Yeezy Boost 350 V2 Sand Taupe (Kids),YZB350V2-ELDAK,/images/sneakers/adidas/yeezy/YZB350V2-ELDAK.jpg,12/18/2020,$160,,,,,ELIADA/ELIADA/ELIADA
https://stockx.com/adidas-yeezy-boost-350-v2-multi-color-f-f,adidas Yeezy Boost 350 V2 Multi-Color (F&F),ADI-ADYB3VMSS,/images/sneakers/adidas/yeezy/ADI-ADYB3VMSS.jpg,,,,,,,SUPPLIER COLOUR/SUPPLIER COLOUR/SUPPLIER COLOUR
https://stockx.com/adidas-yeezy-boost-350-v2-yecher-reflective,adidas Yeezy Boost 350 V2 Fade Reflective,YZB350V2-YCHRRF,/images/sneakers/adidas/yeezy/YZB350V2-YCHRRF.jpg,,$250,,,,,YECHER/YECHER/YECHER
https://stockx.com/adidas-yeezy-boost-380-calcite-glow-kids,adidas Yeezy Boost 380 Calcite Glow (Kids),YB380-BLFGK,/images/sneakers/adidas/yeezy/YB380-BLFGK.jpg,10/31/2020,$170,,,,,CALCITE/CALCITE/CALCITE
https://stockx.com/yeezy-slide-core-infants,adidas Yeezy Slide Core (Infants),YZYSLD-CREI,/images/sneakers/adidas/yeezy/YZYSLD-CREI.jpg,09/04/2020,,,,,,CORE/CORE/CORE
https://stockx.com/adidas-yeezy-750-cleat-black,adidas Yeezy 750 Cleat Black,YZY750C-BLK,/images/sneakers/adidas/yeezy/YZY750C-BLK.jpg,,,,,,,BLACK
https://stockx.com/adidas-yeezy-750-cleat,adidas Yeezy 750 Cleat Tan,YZY750C-TAN,/images/sneakers/adidas/yeezy/YZY750C-TAN.jpg,,$300,,,,,TAN
https://stockx.com/adidas-yeezy-boost-950-turtle-w,adidas Yeezy Boost 950 Turtle (W),YZY950-TRTLW,/images/sneakers/adidas/yeezy/YZY950-TRTLW.jpg,10/29/2015,$625,,,,AQ4835,TURTLE/TURTLE-TURTLE
https://stockx.com/adidas-yeezy-450-dark-slate-infant,adidas Yeezy 450 Dark Slate (Infant),ADI-ADY4DSDDI,/images/sneakers/adidas/yeezy/ADI-ADY4DSDDI.jpg,06/26/2021,$120,,,,GY5370,DARK SLATE/DARK SLATE/DARK SLATE
https://stockx.com/adidas-yeezy-700-v3-clay-brown-kids,adidas Yeezy 700 V3 Clay Brown (Kids),YZB700V3-CLBRNK,/images/sneakers/adidas/yeezy/YZB700V3-CLBRNK.jpg,,$160,,,,,EREMIAL/EREMIAL/EREMIAL
https://stockx.com/yeezy-slide-soot-kids,adidas Yeezy Slide Soot (Kids),YZYSLD-SOTK,/images/sneakers/adidas/yeezy/YZYSLD-SOTK.jpg,09/04/2020,,,,,,SOOT/SOOT/SOOT
https://stockx.com/yeezy-slide-soot-infants,adidas Yeezy Slide Soot (Infants),YZYSLD-SOTI,/images/sneakers/adidas/yeezy/YZYSLD-SOTI.jpg,09/04/2020,,,,,,SOOT/SOOT/SOOT
https://stockx.com/adidas-yeezy-boost-380-lmnte-infants,adidas Yeezy Boost 380 Lmnte (Infants),YB380-LMNI,/images/sneakers/adidas/yeezy/YB380-LMNI.jpg,,$150,,,,,LMNTE/LMNTE/LMNTE
https://stockx.com/adidas-yeezy-boost-380-azure-kids,adidas Yeezy Boost 380 Azure (Kids),YB380-AZRK,/images/sneakers/adidas/yeezy/YB380-AZRK.jpg,,$170,,,,,AZURE/AURE/AZURE
https://stockx.com/adidas-yeezy-boost-380-lmnte-kids,adidas Yeezy Boost 380 Lmnte (Kids),YB380-LMNK,/images/sneakers/adidas/yeezy/YB380-LMNK.jpg,,$170,,,,,LMNTE/LMNTE/LMNTE
https://stockx.com/adidas-yeezy-foam-rnnr-mineral-blue,adidas Yeezy Foam RNNR Mineral Blue,ADI-ADYFRMBMM,/images/sneakers/adidas/yeezy/ADI-ADYFRMBMM.jpg,05/29/2021,$80,10439.0,221.3%,$253,GV7903,MINERAL BLUE/MINERAL BLUE/MINERAL BLUE
https://stockx.com/adidas-yeezy-boost-700-enflame-amber,adidas Yeezy Boost 700 Enflame Amber,ADI-ADYB7EAEO,/images/sneakers/adidas/yeezy/ADI-ADYB7EAEO.jpg,06/11/2021,$240,3250.0,27.1%,$326,GW0297,ENFLAME AMBER/ORANGE
https://stockx.com/adidas-yeezy-foam-rnnr-sand,adidas Yeezy Foam RNNR Sand,ADI-ADYFRSSS,/images/sneakers/adidas/yeezy/ADI-ADYFRSSS.jpg,03/26/2021,$80,14821.0,306.3%,$327,FY4567,SAND/SAND/SAND
https://stockx.com/adidas-yeezy-boost-350-v2-mono-mist,adidas Yeezy Boost 350 V2 Mono Mist,ADI-ADYB3VMST,/images/sneakers/adidas/yeezy/ADI-ADYB3VMST.jpg,06/18/2021,$220,1002.0,29.1%,$282,GW2871,MONO MIST/MONO MIST/MONO MIST
https://stockx.com/adidas-yeezy-boost-700-mnvn-bright-cyan,adidas Yeezy Boost 700 MNVN Bright Cyan,ADI-ADYB7MBBB,/images/sneakers/adidas/yeezy/ADI-ADYB7MBBB.jpg,06/07/2021,$220,3335.0,20.0%,$273,GZ3079,BRIGHT CYAN/BLACK
https://stockx.com/adidas-yeezy-boost-350-v2-mono-clay,adidas Yeezy Boost 350 V2 Mono Clay,ADI-ADYB3VMMMC,/images/sneakers/adidas/yeezy/ADI-ADYB3VMMMC.jpg,06/18/2021,$220,748.0,19.5%,$306,GW2870,MONO CLAY/MONO CLAY/MONO CLAY
https://stockx.com/adidas-yeezy-boost-350-v2-ash-pearl-2021,adidas Yeezy Boost 350 V2 Ash Pearl,ADI-ADYB3VAP,/images/sneakers/adidas/yeezy/ADI-ADYB3VAP.jpg,03/20/2021,$220,16698.0,30.5%,$311,GY7658,ASH PEARL/ASH PEARL/ASH PEARL
https://stockx.com/adidas-yeezy-boost-350-v2-sand-taupe,adidas Yeezy Boost 350 V2 Sand Taupe,YZB350V2-ELDA,/images/sneakers/adidas/yeezy/YZB350V2-ELDA.jpg,12/19/2020,$220,17932.0,22.7%,$280,FZ5240,SAND TAUPE/SAND TAUPE/SAND TAUPE
https://stockx.com/adidas-yeezy-boost-350-v2-zyon,adidas Yeezy Boost 350 V2 Zyon,ADI-ADYB3VZZZ,/images/sneakers/adidas/yeezy/ADI-ADYB3VZZZ.jpg,07/18/2020,$220,50002.0,19.1%,$284,FZ1267,ZYON/ZYON/ZYON
https://stockx.com/adidas-yeezy-boost-380-alien-blue,adidas Yeezy Boost 380 Alien Blue,ADI-ADYB3ABAA,/images/sneakers/adidas/yeezy/ADI-ADYB3ABAA.jpg,05/31/2021,$230,3449.0,23.9%,$270,GW0304,ALIEN BLUE RF/ALIEN BLUE RF/ALIEN BLUE RF
https://stockx.com/adidas-yeezy-700-v3-kyanite,adidas Yeezy 700 V3 Kyanite,ADI-ADY7VKKK,/images/sneakers/adidas/yeezy/ADI-ADY7VKKK.jpg,03/25/2021,$200,14218.0,35.0%,$277,GY0260,KYANITE/KYANITE/KYANITE
https://stockx.com/adidas-yeezy-boost-350-v2-citrin,adidas Yeezy Boost 350 V2 Citrin (Non-Reflective),YZB350V2-CTRN,/images/sneakers/adidas/yeezy/YZB350V2-CTRN.jpg,09/23/2019,$220,9682.0,27.3%,$311,FW3042,CITRIN/CITRIN/CITRIN
https://stockx.com/adidas-yeezy-450-cloud-white,adidas Yeezy 450 Cloud White,ADI-ADY4CWCC,/images/sneakers/adidas/yeezy/ADI-ADY4CWCC.jpg,03/06/2021,$200,6656.0,102.5%,$453,H68038,CLOUD WHITE/CLOUD WHITE
https://stockx.com/adidas-yeezy-boost-350-v2-white-core-black-red,adidas Yeezy Boost 350 V2 Zebra,YZY350V2-ZEBRA,/images/sneakers/adidas/yeezy/YZY350V2-ZEBRA.jpg,02/25/2017,$220,28293.0,104.5%,$388,CP9654,WHITE/CORE BLACK/RED
https://stockx.com/adidas-yeezy-700-v3-safflower,adidas Yeezy 700 V3 Safflower,YZB700V3-SRPH,/images/sneakers/adidas/yeezy/YZB700V3-SRPH.jpg,11/14/2020,$200,11039.0,24.5%,$289,G54853,SAFFLOWER/SAFFLOWER/SAFFLOWER
https://stockx.com/adidas-yeezy-foam-rnnr-mxt-moon-gray,adidas Yeezy Foam RNNR MXT Moon Gray,ADI-ADYFRMMMM,/images/sneakers/adidas/yeezy/ADI-ADYFRMMMM.jpg,03/26/2021,$80,6673.0,448.8%,$371,GV7904,MOON GRAY/MOON GRAY/MOON GRAY
https://stockx.com/yeezy-slide-core,adidas Yeezy Slide Core,YZYSLD-CRE,/images/sneakers/adidas/yeezy/YZYSLD-CRE.jpg,04/26/2021,$55,13506.0,410.0%,$220,G55492/GW5350,CORE/CORE/CORE
https://stockx.com/adidas-yeezy-slide-enflame-orange-kids,adidas Yeezy Slide Enflame Orange (Kids),ADI-YESEOEE,/images/sneakers/adidas/yeezy/ADI-YESEOEE.jpg,06/21/2021,$45,159.0,300.0%,$165,GZ0954,ENFLAME ORANGE/ENFLAME ORANGE/ENFLAME ORANGE
https://stockx.com/adidas-yeezy-boost-350-v2-israfil,adidas Yeezy Boost 350 V2 Israfil,YZB350V2-ISRF,/images/sneakers/adidas/yeezy/YZB350V2-ISRF.jpg,08/22/2020,$220,32781.0,29.1%,$284,FZ5421,ISRAFIL/ISRAFIL/ISRAFIL
https://stockx.com/adidas-yeezy-boost-700-v2-cream,adidas Yeezy Boost 700 V2 Cream,ADI-ADY7VCCC,/images/sneakers/adidas/yeezy/ADI-ADY7VCCC.jpg,03/13/2021,$240,10784.0,50.0%,$398,GY7924,CREAM/CREAM/CREAM
https://stockx.com/adidas-yeezy-boost-350-v2-natural,adidas Yeezy Boost 350 V2 Natural,YZB350V2-ABEZ,/images/sneakers/adidas/yeezy/YZB350V2-ABEZ.jpg,10/24/2020,$220,24333.0,38.2%,$313,FZ5246,NATURAL/NATURAL/NATURAL
https://stockx.com/adidas-yeezy-slide-enflame-orange-infants,adidas Yeezy Slide Enflame Orange (Infants),ADI-YESEOEEI,/images/sneakers/adidas/yeezy/ADI-YESEOEEI.jpg,06/21/2021,$35,127.0,262.9%,$141,GZ0955,ENFLAME ORANGE/ENFLAME ORANGE/ENFLAME ORANGE
https://stockx.com/adidas-yeezy-700-v3-clay-brown,adidas Yeezy 700 V3 Clay Brown,YZB700V3-CLBRN,/images/sneakers/adidas/yeezy/YZB700V3-CLBRN.jpg,12/21/2020,$200,13602.0,37.0%,$256,GY0189,EREMIAL/EREMIAL/EREMIAL
https://stockx.com/adidas-yeezy-boost-350-v2-cinder,adidas Yeezy Boost 350 V2 Cinder,YB350V2-CND,/images/sneakers/adidas/yeezy/YB350V2-CND.jpg,03/21/2020,$220,19331.0,81.8%,$388,FY2903,CINDER/CINDER/CINDER
https://stockx.com/adidas-yeezy-boost-350-v2-ash-blue,adidas Yeezy Boost 350 V2 Ash Blue,ADI-ADYADHBLU,/images/sneakers/adidas/yeezy/ADI-ADYADHBLU.jpg,02/27/2021,$220,12807.0,51.8%,$296,GY7657,ASH BLUE/ASH BLUE/ASH BLUE
https://stockx.com/adidas-yeezy-boost-350-v2-black,adidas Yeezy Boost 350 V2 Black (Non-Reflective),YZB350V2-SB,/images/sneakers/adidas/yeezy/YZB350V2-SB.jpg,06/07/2019,$220,10510.0,147.7%,$523,FU9006,BLACK/BLACK/BLACK
https://stockx.com/adidas-yeezy-boost-350-v2-desert-sage,adidas Yeezy Boost 350 V2 Desert Sage,YZB350V2-DSSG,/images/sneakers/adidas/yeezy/YZB350V2-DSSG.jpg,03/14/2020,$220,13953.0,54.1%,$306,FX9035,DESERT SAGE/DESERT SAGE/DESERT SAGE
https://stockx.com/adidas-yeezy-boost-350-v2-cream-white,adidas Yeezy Boost 350 V2 Cream/Triple White,YZY350V2-CRMWHT,/images/sneakers/adidas/yeezy/YZY350V2-CRMWHT.jpg,04/29/2017,$220,10028.0,281.8%,$417,CP9366,CREAM / WHITE
https://stockx.com/adidas-yeezy-boost-350-v2-ash-stone,adidas Yeezy Boost 350 V2 Ash Stone,ADI-ADYB3VAST,/images/sneakers/adidas/yeezy/ADI-ADYB3VAST.jpg,02/27/2021,$220,6709.0,66.0%,$313,GW0089,ASH STONE/ASH STONE/ASH STONE
https://stockx.com/adidas-yeezy-boost-350-v2-yecheil,adidas Yeezy Boost 350 V2 Yecheil (Non-Reflective),YZB350V2-YCHL,/images/sneakers/adidas/yeezy/YZB350V2-YCHL.jpg,12/20/2019,$220,13249.0,90.5%,$356,FW5190,YECHEIL/YECHEIL/YECHEIL
https://stockx.com/adidas-yeezy-qntm-flash-orange,adidas Yeezy QNTM Flash Orange,ADI-ADYQFOFF,/images/sneakers/adidas/yeezy/ADI-ADYQFOFF.jpg,05/22/2021,$250,911.0,-44.0%,$192,GW5314,FLASH ORANGE/FLASH ORANGE/FLASH ORANGE
https://stockx.com/adidas-yeezy-boost-350-v2-cloud-white,adidas Yeezy Boost 350 V2 Cloud White (Non-Reflective),AD-YB350V2CWH,/images/sneakers/adidas/yeezy/AD-YB350V2CWH.jpg,09/21/2019,$220,7511.0,85.0%,$407,FW3043,CLOUD WHITE/CLOUD WHITE/CLOUD WHITE
https://stockx.com/adidas-yeezy-boost-380-calcite-glow,adidas Yeezy Boost 380 Calcite Glow,YB380-BLOF,/images/sneakers/adidas/yeezy/YB380-BLOF.jpg,10/31/2020,$250,9071.0,10.8%,$261,GZ8668,CALCITE/CALCITE/CALCITE
https://stockx.com/adidas-yeezy-wave-runner-700-solid-grey,adidas Yeezy Boost 700 Wave Runner Solid Grey,YZY700-SLDGRY,/images/sneakers/adidas/yeezy/YZY700-SLDGRY.jpg,11/01/2017,$300,6479.0,127.0%,$581,B75571,SOLID GREY/CHALK WHITE/CORE BLACK
https://stockx.com/adidas-yeezy-boost-350-v2-yeezreel,adidas Yeezy Boost 350 V2 Yeezreel (Non-Reflective),YZB350V2-YZRL,/images/sneakers/adidas/yeezy/YZB350V2-YZRL.jpg,12/14/2019,$220,8304.0,29.5%,$286,FW5191,YEEZREEL/YEEZREEL/YEEZREEL
https://stockx.com/adidas-yeezy-qntm-sea-teal,adidas Yeezy QNTM Sea Teal,ADI-ADYQSTSS,/images/sneakers/adidas/yeezy/ADI-ADYQSTSS.jpg,03/19/2021,$250,705.0,-40.0%,$200,GY7926,SEA TEAL/SEA TEAL/SEA TEAL
https://stockx.com/adidas-yeezy-boost-380-onyx,adidas Yeezy Boost 380 Onyx,YB380-ONX,/images/sneakers/adidas/yeezy/YB380-ONX.jpg,11/28/2020,$230,8536.0,19.1%,$237,FZ1270,ONYX/ONYX/ONYX
https://stockx.com/adidas-yeezy-boost-380-pepper,adidas Yeezy Boost 380 Pepper,YB380-PPR,/images/sneakers/adidas/yeezy/YB380-PPR.jpg,09/19/2020,$230,9012.0,-8.3%,$207,FZ1269,PEPPER/PEPPER/PEPPER
https://stockx.com/adidas-yeezy-boost-350-v2-tail-light,adidas Yeezy Boost 350 V2 Tail Light,YZB350V2-TG,/images/sneakers/adidas/yeezy/YZB350V2-TG.jpg,02/22/2020,$220,7260.0,127.3%,$426,FX9017,TAIL LIGHT/TAIL LIGHT/TAIL LIGHT
https://stockx.com/yeezy-slide-bone,adidas Yeezy Slide Bone,YZSLD-BN,/images/sneakers/adidas/yeezy/YZSLD-BN.jpg,12/06/2019,$55,9482.0,581.8%,$286,FW6345,BONE/BONE/BONE
https://stockx.com/adidas-yeezy-boost-380-covellite,adidas Yeezy Boost 380 Covellite,ADI-ADYB3CCC,/images/sneakers/adidas/yeezy/ADI-ADYB3CCC.jpg,03/15/2021,$230,3217.0,-4.3%,$225,GZ0454,COVELLITE/COVELLITE/COVELLITE
https://stockx.com/adidas-yeezy-boost-380-mist,adidas Yeezy Boost 380 Mist,ADI-ADYB3MMM,/images/sneakers/adidas/yeezy/ADI-ADYB3MMM.jpg,03/25/2020,$230,7319.0,4.3%,$236,FX9764,MIST/MIST/MIST
https://stockx.com/adidas-yeezy-boost-350-v2-linen,adidas Yeezy Boost 350 V2 Linen,YB350V2-LN,/images/sneakers/adidas/yeezy/YB350V2-LN.jpg,04/18/2020,$220,6059.0,64.1%,$350,FY5158,LINEN/LINEN/LINEN
https://stockx.com/adidas-yeezy-boost-350-v2-sesame,adidas Yeezy Boost 350 V2 Sesame,YZY350V2-SESAME,/images/sneakers/adidas/yeezy/YZY350V2-SESAME.jpg,11/23/2018,$220,3317.0,104.5%,$429,F99710,SESAME/SESAME/SESAME
https://stockx.com/adidas-yeezy-boost-700-utility-black,adidas Yeezy Boost 700 Utility Black,YZB700-UB,/images/sneakers/adidas/yeezy/YZB700-UB.jpg,06/29/2019,$300,2325.0,56.7%,$422,FV5304,UTILITY BLACK/UTILITY BLACK/UTILITY BLACK
https://stockx.com/adidas-yeezy-foam-rnnr-mineral-blue-kids,adidas Yeezy Foam RNNR Mineral Blue (Kids),ADI-ADYFRMBMK,/images/sneakers/adidas/yeezy/ADI-ADYFRMBMK.jpg,05/29/2021,$60,547.0,200.0%,$182,GX8506,MINERAL BLUE/MINERAL BLUE/MINERAL BLUE
https://stockx.com/adidas-yeezy-boost-350-v2-earth,adidas Yeezy Boost 350 V2 Earth,YB350V2-RTH,/images/sneakers/adidas/yeezy/YB350V2-RTH.jpg,02/22/2020,$220,8318.0,126.8%,$384,FX9033,EARTH/EARTH/EARTH
https://stockx.com/adidas-yeezy-boost-350-v2-semi-frozen-yellow,adidas Yeezy Boost 350 V2 Semi Frozen Yellow,AD-YB350VSFY,/images/sneakers/adidas/yeezy/AD-YB350VSFY.jpg,11/18/2017,$220,3686.0,193.6%,$400,B37572,SEMI FROZEN YELLOW/RAW STEEL/RED
https://stockx.com/adidas-yeezy-boost-700-mauve,adidas Yeezy Boost 700 Mauve,YZY700-MVE,/images/sneakers/adidas/yeezy/YZY700-MVE.jpg,10/27/2018,$300,4771.0,57.3%,$353,EE9614,MAUVE/MAUVE/MAUVE
https://stockx.com/adidas-yeezy-450-cloud-white-kids,adidas Yeezy 450 Cloud White (Kids),ADI-ADY4CWCCK,/images/sneakers/adidas/yeezy/ADI-ADY4CWCCK.jpg,03/06/2021,,122.0,,$311,GY0402,CLOUD WHITE/CLOUD WHITE
https://stockx.com/adidas-yeezy-boost-350-v2-static,adidas Yeezy Boost 350 V2 Static (Non-Reflective),YZY350V2-STATIC,/images/sneakers/adidas/yeezy/YZY350V2-STATIC.jpg,12/27/2018,$220,2725.0,127.3%,$446,EF2905,STATIC/STATIC/STATIC
https://stockx.com/adidas-yeezy-boost-700-v2-tephra,adidas Yeezy Boost 700 V2 Tephra,YZB700V2-TPH,/images/sneakers/adidas/yeezy/YZB700V2-TPH.jpg,06/15/2019,$300,1858.0,78.7%,$399,FU7914,TEPHRA/TEPHRA/TEPHRA
https://stockx.com/adidas-yeezy-450-dark-slate-kids,adidas Yeezy 450 Dark Slate (Kids),ADI-ADY4DSDDK,/images/sneakers/adidas/yeezy/ADI-ADY4DSDDK.jpg,06/26/2021,$140,15.0,32.1%,$220,GY5369,DARK SLATE/DARK SLATE/DARK SLATE
https://stockx.com/adidas-yzy-qntm-barium,adidas Yeezy QNTM Barium,ADI-ADYQBBB,/images/sneakers/adidas/yeezy/ADI-ADYQBBB.jpg,06/25/2020,$250,6774.0,-15.2%,$269,H68771,BARIUM/BARIUM/BARIUM
https://stockx.com/adidas-yeezy-boost-700-inertia,adidas Yeezy Boost 700 Inertia,YB700-NRTA,/images/sneakers/adidas/yeezy/YB700-NRTA.jpg,03/09/2019,$300,4011.0,58.7%,$430,EG7597,GREY/GREY/INERTIA
https://stockx.com/adidas-yeezy-boost-350-v2-clay,adidas Yeezy Boost 350 V2 Clay,YZB350V2-CLY,/images/sneakers/adidas/yeezy/YZB350V2-CLY.jpg,03/30/2019,$220,3119.0,88.6%,$443,EG7490,CLAY/CLAY/CLAY
https://stockx.com/adidas-yeezy-qntm-frozen-blue,adidas Yeezy QNTM Frozen Blue,ADI-ADYQFBFF,/images/sneakers/adidas/yeezy/ADI-ADYQFBFF.jpg,12/23/2020,$250,2401.0,10.0%,$208,GZ8872,FROZEN BLUE/FROZEN BLUE/FROZEN BLUE
https://stockx.com/adidas-yeezy-boost-350-v2-blue-tint,adidas Yeezy Boost 350 V2 Blue Tint,YZY350V2-BLUTNT,/images/sneakers/adidas/yeezy/YZY350V2-BLUTNT.jpg,12/16/2017,$220,2124.0,150.0%,$510,B37571,BLUE TINT/GREY THREE/HIGH RISK RED
https://stockx.com/adidas-yeezy-foam-rnnr-mineral-blue-infant,adidas Yeezy Foam RNNR Mineral Blue (Infant),ADI-ADYFRMBMI,/images/sneakers/adidas/yeezy/ADI-ADYFRMBMI.jpg,05/29/2021,$40,516.0,412.5%,$164,,MINERAL BLUE/MINERAL BLUE/MINERAL BLUE
https://stockx.com/adidas-yeezy-boost-700-sun,adidas Yeezy Boost 700 Sun,ADI-ADYB7SSB,/images/sneakers/adidas/yeezy/ADI-ADYB7SSB.jpg,01/23/2021,$240,3454.0,150.0%,$538,GZ6984,SUN/BLACK/ORANGE
https://stockx.com/adidas-yeezy-boost-700-analog,adidas Yeezy Boost 700 Analog,YZB700-NLG,/images/sneakers/adidas/yeezy/YZB700-NLG.jpg,04/27/2019,$300,2651.0,61.3%,$388,EG7596,ANALOG/ANALOG/ANALOG
https://stockx.com/adidas-yeezy-desert-boot-taupe-blue,adidas Yeezy Desert Boot Taupe Blue,ADI-ADYDBTBTT,/images/sneakers/adidas/yeezy/ADI-ADYDBTBTT.jpg,03/29/2021,$200,2492.0,120.0%,$307,GY0374,TAUPE/TAUPE/BLUE
https://stockx.com/adidas-yeezy-boost-350-v2-beluga-2-0,adidas Yeezy Boost 350 V2 Beluga 2.0,YZY350V2-BLGA2,/images/sneakers/adidas/yeezy/YZY350V2-BLGA2.jpg,11/25/2017,$220,2012.0,204.1%,$653,AH2203,
https://stockx.com/adidas-yeezy-boost-350-v2-antlia,adidas Yeezy Boost 350 V2 Antlia (Non-Reflective),YZB350V2-ANTL,/images/sneakers/adidas/yeezy/YZB350V2-ANTL.jpg,06/22/2019,$220,1300.0,132.3%,$300,FV3250,ANTLIA/ANTLIA/ANTLIA
https://stockx.com/adidas-yeezy-boost-350-v2-butter,adidas Yeezy Boost 350 V2 Butter,YZY350BV2-BTTR,/images/sneakers/adidas/yeezy/YZY350BV2-BTTR.jpg,06/30/2018,$220,2515.0,68.2%,$357,F36980,BUTTER/BUTTER/BUTTER
https://stockx.com/adidas-yeezy-450-cloud-white-infant,adidas Yeezy 450 Cloud White (Infant),ADI-ADY4CWCCI,/images/sneakers/adidas/yeezy/ADI-ADY4CWCCI.jpg,03/06/2021,$140,107.0,21.4%,$276,GY0403,CLOUD WHITE/CLOUD WHITE/CLOUD WHITE
https://stockx.com/adidas-yeezy-boost-500-bone-white,adidas Yeezy 500 Bone White,YZB500-BW,/images/sneakers/adidas/yeezy/YZB500-BW.jpg,08/24/2019,$200,1841.0,106.5%,$409,FV3573,BONE WHITE/BONE WHITE/BONE WHITE
https://stockx.com/adidas-yeezy-boost-380-azure,adidas Yeezy Boost 380 Azure,YB380-AZR,/images/sneakers/adidas/yeezy/YB380-AZR.jpg,12/12/2020,$230,1179.0,-15.3%,$199,FZ4986,AZURE/AURE/AZURE
https://stockx.com/yeezy-slide-soot,adidas Yeezy Slide Soot,YZYSLD-SOT,/images/sneakers/adidas/yeezy/YZYSLD-SOT.jpg,09/04/2020,$55,5335.0,658.2%,$220,G55495,SOOT/SOOT/SOOT
https://stockx.com/adidas-yeezy-boost-700-mnvn-triple-black,adidas Yeezy Boost 700 MNVN Triple Black,YZY700M-TB,/images/sneakers/adidas/yeezy/YZY700M-TB.jpg,02/08/2020,$220,4140.0,84.5%,$331,FV4440,BLACK/BLACK/BLACK
https://stockx.com/adidas-yeezy-boost-350-v2-lundmark,adidas Yeezy Boost 350 V2 Lundmark (Non Reflective),350V2-LM,/images/sneakers/adidas/yeezy/350V2-LM.jpg,07/13/2019,$220,3072.0,131.8%,$387,FU9161,LUNDMARK/LUNDMARK/LUNDMARK
https://stockx.com/adidas-yzy-qntm-ophani,adidas Yeezy QNTM Teal Blue,ADI-ADYQOOP,/images/sneakers/adidas/yeezy/ADI-ADYQOOP.jpg,10/10/2020,$250,2406.0,-30.0%,$198,G58864,OPHANI/OPHANI/OPHANI
https://stockx.com/adidas-yeezy-boost-380-alien,adidas Yeezy Boost 380 Alien,YZB380-ALIEN,/images/sneakers/adidas/yeezy/YZB380-ALIEN.jpg,12/12/2019,$230,1423.0,79.6%,$428,FV3260/FB6878,ALIEN/ALIEN/ALIEN
https://stockx.com/adidas-yeezy-500-high-shale-warm,adidas Yeezy 500 High Shale Warm,ADI-ADY5HWWW,/images/sneakers/adidas/yeezy/ADI-ADY5HWWW.jpg,02/08/2021,$220,804.0,2.3%,$282,GZ7074,SHALE WARM/SHALE WARM/GREY
https://stockx.com/adidas-yeezy-500-stone,adidas Yeezy 500 Stone,YZB500-STN,/images/sneakers/adidas/yeezy/YZB500-STN.jpg,11/23/2019,$200,4996.0,55.0%,$295,FW4839,STONE/STONE/STONE
https://stockx.com/adidas-yeezy-boost-380-hylte,adidas Yeezy Boost 380 Hylte,YB380-HBOR,/images/sneakers/adidas/yeezy/YB380-HBOR.jpg,12/12/2020,$230,2477.0,58.3%,$176,FZ4990,HYLTE/HYLTE/HYLTE
https://stockx.com/adidas-yeezy-500-salt,adidas Yeezy 500 Salt,YZY500-SALT,/images/sneakers/adidas/yeezy/YZY500-SALT.jpg,11/30/2018,$200,2262.0,98.0%,$347,EE7287,SALT/SALT/SALT
https://stockx.com/adidas-yeezy-boost-700-v2-geode,adidas Yeezy Boost 700 V2 Geode,YB700-GDE,/images/sneakers/adidas/yeezy/YB700-GDE.jpg,03/23/2019,$300,1991.0,13.3%,$379,EG6860,GEODE/GEODE/GEODE
https://stockx.com/adidas-yeezy-boost-350-v2-static-black-reflective,adidas Yeezy Boost 350 V2 Static Black (Reflective),YZB350V2-SBR,/images/sneakers/adidas/yeezy/YZB350V2-SBR.jpg,06/06/2019,$220,1692.0,300.0%,"$1,034",FU9007,BLACK/BLACK/BLACK
https://stockx.com/adidas-yeezy-qntm-basketball,adidas YZY QNTM BSKTBL (Performance Basketball Model),YZQ-BB,/images/sneakers/adidas/yeezy/YZQ-BB.jpg,,$250,1340.0,23.7%,$230,FZ4362,QNTM
https://stockx.com/adidas-yeezy-boost-700-mnvn-bright-cyan-kids,adidas Yeezy Boost 700 MNVN Bright Cyan (Kids),ADI-ADYB7MBBK,/images/sneakers/adidas/yeezy/ADI-ADYB7MBBK.jpg,06/07/2021,$220,44.0,-18.2%,$196,GZ3080,BRIGHT CYAN/BLACK
https://stockx.com/yeezy-slide-desert-sand,adidas Yeezy Slide Desert Sand,YZSLD-DS,/images/sneakers/adidas/yeezy/YZSLD-DS.jpg,12/06/2019,$55,1305.0,627.3%,$359,FW6344,DESERT SAND/DESERT SAND/DESERT SAND
https://stockx.com/adidas-yeezy-500-high-mist-slate,adidas Yeezy 500 High Mist Slate,ADI-ADY5HMSMM,/images/sneakers/adidas/yeezy/ADI-ADY5HMSMM.jpg,02/08/2021,$220,953.0,22.7%,$251,GY0393,MIST SLATE/MIST SLATE/ANTHRACITE
https://stockx.com/adidas-yeezy-boost-380-hylte-glow,adidas Yeezy Boost 380 Hylte Glow,YB380-BLGF,/images/sneakers/adidas/yeezy/YB380-BLGF.jpg,12/12/2020,$230,648.0,-4.3%,$242,FZ4994,HYLTE/HYLTE/HYLTE
https://stockx.com/adidas-yzy-qntm,adidas Yeezy QNTM (Lifestyle Model),YZY-QNTM,/images/sneakers/adidas/yeezy/YZY-QNTM.jpg,02/16/2020,$250,6432.0,,$313,Q46473,QNTM
https://stockx.com/adidas-yeezy-boost-350-v2-yeshaya,adidas Yeezy Boost 350 V2 Yeshaya (Non-Reflective),YZB350V2-YSHYA,/images/sneakers/adidas/yeezy/YZB350V2-YSHYA.jpg,01/25/2020,$220,2904.0,186.4%,$362,FX4348,YESHAYA/YESHAYA/YESHAYA
https://stockx.com/adidas-yeezy-boost-350-v2-marsh,adidas Yeezy Boost 350 V2 Marsh,YB350V2-MRSH,/images/sneakers/adidas/yeezy/YB350V2-MRSH.jpg,02/01/2020,$220,2431.0,25.0%,$273,FX9034,MARSH/MARSH/MARSH
https://stockx.com/yeezy-slide-earth-brown,adidas Yeezy Slide Earth Brown,YZY-YESEBEE,/images/sneakers/adidas/yeezy/YZY-YESEBEE.jpg,04/16/2020,$55,2032.0,447.3%,$272,FV8425,EARTH BROWN/EARTH BROWN/EARTH BROWN
https://stockx.com/adidas-yeezy-boost-700-mnvn-phosphor,adidas Yeezy Boost 700 MNVN Phosphor,YZY700M-PHSPR,/images/sneakers/adidas/yeezy/YZY700M-PHSPR.jpg,04/24/2020,$220,1365.0,52.3%,$332,FY3727,PHOSPHOR/PHOSPHOR/PHOSPHOR
https://stockx.com/adidas-yeezy-boost-350-v2-true-form,adidas Yeezy Boost 350 V2 Trfrm,YZB350V2-TF,/images/sneakers/adidas/yeezy/YZB350V2-TF.jpg,03/16/2019,$220,1088.0,122.3%,$473,EG7492,GREY/GREY/GREY
https://stockx.com/adidas-yeezy-qntm-bsktbl-frozen-blue,adidas Yeezy QNTM BSKTBL Frozen Blue,ADI-ADYQBFBFF,/images/sneakers/adidas/yeezy/ADI-ADYQBFBFF.jpg,12/23/2020,$250,852.0,-20.0%,$214,GX5049,FROZEN BLUE/FROZEN BLUE/FROZEN BLUE
https://stockx.com/adidas-yeezy-boost-350-v2-core-black-white,adidas Yeezy Boost 350 V2 Core Black White,AD-YB350V2CBKWT,/images/sneakers/adidas/yeezy/AD-YB350V2CBKWT.jpg,12/17/2016,$220,509.0,221.8%,$861,BY1604,CORE BLACK/CORE WHITE/CORE BLACK
https://stockx.com/adidas-yeezy-boost-350-v2-core-black-red,adidas Yeezy Boost 350 V2 Core Black Red,YZY350V2-RED,/images/sneakers/adidas/yeezy/YZY350V2-RED.jpg,11/23/2016,$220,411.0,355.5%,"$1,140",BY9612,CORE BLACK/RED/CORE BLACK
https://stockx.com/yeezy-slide-pure-infants,adidas Yeezy Slide Pure (Infants),ADI-YESPPI,/images/sneakers/adidas/yeezy/ADI-YESPPI.jpg,04/26/2021,,333.0,,$156,GZ5556,PURE/PURE/PURE
https://stockx.com/adidas-yeezy-boost-700-v2-hospital-blue,adidas Yeezy Boost 700 V2 Hospital Blue,YZB700V2-HB,/images/sneakers/adidas/yeezy/YZB700V2-HB.jpg,09/28/2019,$300,3205.0,46.3%,$400,FV8424,HOSPITAL BLUE/HOSPITAL BLUE/HOSPITAL BLUE
https://stockx.com/adidas-yeezy-500-blush,adidas Yeezy 500 Blush,YZY500-BLSH,/images/sneakers/adidas/yeezy/YZY500-BLSH.jpg,02/16/2018,$200,1067.0,89.5%,$474,DB2908,BLUSH/BLUSH/BLUSH
https://stockx.com/adidas-yeezy-boost-350-v2-core-black-red-2017-i,adidas Yeezy Boost 350 V2 Black Red (Infant),AD-YB350VCBR17I,/images/sneakers/adidas/yeezy/AD-YB350VCBR17I.jpg,02/11/2017,$140,986.0,64.3%,$224,BB6372,CORE BLACK/CORE BLACK/RED
https://stockx.com/adidas-yeezy-boost-700-teal-blue,adidas Yeezy Boost 700 Teal Blue,YZYB700-TLBLU,/images/sneakers/adidas/yeezy/YZYB700-TLBLU.jpg,10/26/2019,$300,790.0,33.3%,$375,FW2499,TEAL BLUE/TEAL BLUE/TEAL BLUE
https://stockx.com/yeezy-slide-pure-kids,adidas Yeezy Slide Pure (Kids),ADI-YESPPK,/images/sneakers/adidas/yeezy/ADI-YESPPK.jpg,04/26/2021,,379.0,,$163,GZ5555,PURE/PURE/PURE
https://stockx.com/adidas-yeezy-boost-350-v2-core-black-green,adidas Yeezy Boost 350 V2 Core Black Green,YZY350V2-GRN,/images/sneakers/adidas/yeezy/YZY350V2-GRN.jpg,11/23/2016,$220,223.0,176.4%,$730,BY9611,CORE BLACK/GREEN/CORE BLACK
https://stockx.com/adidas-yeezy-350-cleat-turtledove,adidas Yeezy 350 Cleat Turtledove,YZY350C-TRTLDV,/images/sneakers/adidas/yeezy/YZY350C-TRTLDV.jpg,09/15/2016,$250,74.0,-14.0%,$280,B42410,CHALK WHITE/BLACK/METALLIC GOLD
https://stockx.com/adidas-yeezy-foam-rnnr-ararat,adidas Yeezy Foam RNNR Ararat,YZY-ADYFRAWW,/images/sneakers/adidas/yeezy/YZY-ADYFRAWW.jpg,06/26/2020,$75,2697.0,834.9%,$409,G55486,WHITE/WHITE-WHITE
https://stockx.com/adidas-yeezy-desert-boot-salt,adidas Yeezy Desert Boot Salt,YZDSBT-SLT,/images/sneakers/adidas/yeezy/YZDSBT-SLT.jpg,09/14/2019,$200,1437.0,115.0%,$299,FV5677,SALT/SALT/SALT
https://stockx.com/adidas-yeezy-boost-350-v2-static-reflective,adidas Yeezy Boost 350 V2 Static Reflective,Y350BV2-STRF,/images/sneakers/adidas/yeezy/Y350BV2-STRF.jpg,12/26/2018,$220,1137.0,315.5%,$647,EF2367,STATIC/STATIC/STATIC
https://stockx.com/adidas-yeezy-boost-350-v2-yeezreel-reflective,adidas Yeezy Boost 350 V2 Yeezreel (Reflective),YZB350V2-YZRLRF,/images/sneakers/adidas/yeezy/YZB350V2-YZRLRF.jpg,12/17/2019,$250,1025.0,78.0%,$375,FX4130,YYEGLRF/YEGLRF/YEGLRF
https://stockx.com/adidas-yeezy-boost-350-v2-core-black-copper,adidas Yeezy Boost 350 V2 Core Black Copper,YZY350V2-CPPR,/images/sneakers/adidas/yeezy/YZY350V2-CPPR.jpg,11/23/2016,$220,224.0,253.2%,$732,BY1605,CORE BLACK/COPPER/CORE BLACK
https://stockx.com/adidas-yeezy-700-v3-alvah-infant,adidas Yeezy 700 V3 Alvah (Infant),YZB700V3-ALVI,/images/sneakers/adidas/yeezy/YZB700V3-ALVI.jpg,04/11/2020,$140,200.0,27.1%,$237,H67801,ALVAH/ALVAH/ALVAH
https://stockx.com/adidas-yeezy-boost-700-mnvn-bright-cyan-infant,adidas Yeezy Boost 700 MNVN Bright Cyan (Infant),ADI-ADYB7MBBI,/images/sneakers/adidas/yeezy/ADI-ADYB7MBBI.jpg,06/07/2021,$220,16.0,-32.3%,$167,GZ3081,BRIGHT CYAN/BLACK
https://stockx.com/adidas-yeezy-boost-380-blue-oat,adidas Yeezy Boost 380 Blue Oat,YB380-BLF,/images/sneakers/adidas/yeezy/YB380-BLF.jpg,07/25/2020,$230,3687.0,-7.8%,$243,Q47306,BLUE OAT/BLUE OAT/BLUE OAT
https://stockx.com/adidas-yeezy-boost-700-mnvn-bone,adidas Yeezy Boost 700 MNVN Bone,YZY700M-BNE,/images/sneakers/adidas/yeezy/YZY700M-BNE.jpg,07/11/2020,$220,2041.0,54.5%,$390,FY3729,BONE/SILVER/BLACK
https://stockx.com/adidas-yeezy-boost-700-v2-vanta,adidas Yeezy Boost 700 V2 Vanta,YZYB700V2-VNT,/images/sneakers/adidas/yeezy/YZYB700V2-VNT.jpg,06/06/2019,$300,1754.0,73.3%,$488,FU6684,VANTA/VANTA/VANTA
https://stockx.com/adidas-yeezy-500-soft-vision,adidas Yeezy 500 Soft Vision,YZY500-SV,/images/sneakers/adidas/yeezy/YZY500-SV.jpg,11/02/2019,$200,1426.0,117.5%,$446,FW2656,SOFT VISION/SOFT VISION/SOFT VISION
https://stockx.com/adidas-yeezy-boost-700-carbon-blue,adidas Yeezy Boost 700 Carbon Blue,YZB700-CRBL,/images/sneakers/adidas/yeezy/YZB700-CRBL.jpg,12/18/2019,$300,1282.0,133.0%,$459,FW2498,CARBON BLUE/CARBON BLUE/CARBON BLUE
https://stockx.com/adidas-yeezy-boost-700-salt,adidas Yeezy Boost 700 Salt,Y700-SLT,/images/sneakers/adidas/yeezy/Y700-SLT.jpg,02/23/2019,$300,1265.0,45.3%,$356,EG7487,SALT/SALT/SALT
https://stockx.com/adidas-yeezy-desert-boot-rock,adidas Yeezy Desert Boot Rock,YZDSBT-RK,/images/sneakers/adidas/yeezy/YZDSBT-RK.jpg,04/13/2019,$200,1179.0,13.0%,$324,EG6462,ROCK/ROCK/ROCK
https://stockx.com/adidas-yeezy-boost-350-v2-glow,adidas Yeezy Boost 350 V2 Glow,YB350V2-GLW,/images/sneakers/adidas/yeezy/YB350V2-GLW.jpg,05/25/2019,$250,1139.0,232.0%,$610,EG5293,GLOW/GLOW/GLOW
https://stockx.com/adidas-yeezy-boost-350-v2-carbon-kids,adidas Yeezy Boost 350 V2 Carbon (Kids),YZB350V2-CBNK,/images/sneakers/adidas/yeezy/YZB350V2-CBNK.jpg,10/02/2020,$160,815.0,150.0%,$266,FZ5001,CARBON/CARBON/CARBON
https://stockx.com/adidas-yeezy-boost-350-v2-steeple-grey-beluga-solar-red,adidas Yeezy Boost 350 V2 Beluga,YZY350V2-BLG,/images/sneakers/adidas/yeezy/YZY350V2-BLG.jpg,09/24/2016,$220,619.0,298.6%,$909,BB1826,STEEPLE GRAY/BELUGA/SOLAR RED
https://stockx.com/adidas-yeezy-boost-350-v2-black-kids,adidas Yeezy Boost 350 V2 Black (Kids) (Non-Reflective),YZB350V2-SBKD,/images/sneakers/adidas/yeezy/YZB350V2-SBKD.jpg,06/07/2019,$160,246.0,206.3%,$438,FU9013,BLACK/BLACK/BLACK
https://stockx.com/adidas-yeezy-500-high-tyrian,adidas Yeezy 500 High Tyrian,ADI-ADYB3VOBKWG,/images/sneakers/adidas/yeezy/ADI-ADYB3VOBKWG.jpg,05/16/2020,$220,1216.0,-18.2%,$220,FY4269,TYRIAN/TYRIAN/TYRIAN
https://stockx.com/adidas-yeezy-boost-350-v2-citrin-reflective,adidas Yeezy Boost 350 V2 Citrin (Reflective),YZB350V2-CTRNRF,/images/sneakers/adidas/yeezy/YZB350V2-CTRNRF.jpg,09/23/2019,$220,780.0,54.5%,$431,FW5318,CITRIN/CITRIN/CITRIN
https://stockx.com/adidas-yeezy-boost-350-v2-black-red-kids,adidas Yeezy Boost 350 V2 Black Red (Kids),ADI-ADYB3VBBB,/images/sneakers/adidas/yeezy/ADI-ADYB3VBBB.jpg,12/05/2020,,267.0,,$402,GZ8655,BLACK/BLACK/RED
https://stockx.com/adidas-yeezy-boost-380-blue-oat-kids,adidas Yeezy Boost 380 Blue Oat (Kids),YB380-BLOFK,/images/sneakers/adidas/yeezy/YB380-BLOFK.jpg,07/25/2020,$170,227.0,-10.0%,$181,Q47391,BLUE OAT/BLUE OAT/BLUE OAT
https://stockx.com/adidas-yeezy-boost-350-v2-ash-pearl-infant,adidas Yeezy Boost 350 V2 Ash Pearl (Infant),ADI-ADYB3VAAI,/images/sneakers/adidas/yeezy/ADI-ADYB3VAAI.jpg,03/20/2021,$140,77.0,71.4%,$254,GY7735,ASH PEARL/ASH PEARL/ASH PEARL
https://stockx.com/adidas-yeezy-boost-380-hylte-glow-kids,adidas Yeezy Boost 380 Hylte (Kids),YB380-BLFK,/images/sneakers/adidas/yeezy/YB380-BLFK.jpg,,$170,60.0,15.3%,$202,,HYLTE/HYLTE/HYLTE
https://stockx.com/adidas-yeezy-foam-rnnr-mx-cream-clay,adidas Yeezy Foam RNNR MX Cream Clay,ADI-ADYFRMCMM,/images/sneakers/adidas/yeezy/ADI-ADYFRMCMM.jpg,,$80,4.0,525.0%,$839,,MX CREAM CLAY/MX CREAM CLAY/MX CREAM CLAY
https://stockx.com/adidas-yeezy-500-high-slate,adidas Yeezy 500 High Slate,YZ500H-SLT,/images/sneakers/adidas/yeezy/YZ500H-SLT.jpg,12/16/2019,$220,2644.0,-11.4%,$210,FW4968,SLATE/SLATE/SLATE
https://stockx.com/adidas-yeezy-powerphase-calabasas-core-black,adidas Yeezy Powerphase Calabasas Core Black,YZYPWRPH-CBLK,/images/sneakers/adidas/yeezy/YZYPWRPH-CBLK.jpg,03/17/2018,$120,2454.0,-34.2%,$79,CG6420,CORE BLACK/CORE BLACK/CORE BLACK
https://stockx.com/adidas-yeezy-boost-350-v2-cinder-reflective,adidas Yeezy Boost 350 V2 Cinder Reflective,YB350V2-CNDRF,/images/sneakers/adidas/yeezy/YB350V2-CNDRF.jpg,04/04/2020,$220,2151.0,147.3%,$512,FY4176,CINDER/CINDER/CINDER
https://stockx.com/adidas-yeezy-boost-350-v2-zyon-kids,adidas Yeezy Boost 350 V2 Zyon (Kids),YZB350V2-ZYNK,/images/sneakers/adidas/yeezy/YZB350V2-ZYNK.jpg,07/18/2020,$160,1741.0,18.8%,$244,FZ1283,ZYON/ZYON/ZYON
https://stockx.com/adidas-yeezy-boost-350-v2-zyon-infants,adidas Yeezy Boost 350 V2 Zyon (Infants),YZB350V2-ZYNI,/images/sneakers/adidas/yeezy/YZB350V2-ZYNI.jpg,07/18/2020,$140,1394.0,56.4%,$187,FZ1284,ZYON/ZYON/ZYON
https://stockx.com/adidas-yeezy-boost-700-magnet,adidas Yeezy Boost 700 Magnet,YZYB700-MGNT,/images/sneakers/adidas/yeezy/YZYB700-MGNT.jpg,09/09/2019,$300,1064.0,180.0%,$483,FV9922,MAGNET/MAGNET/MAGNET
https://stockx.com/adidas-yeezy-boost-350-v2-yecheil-reflective,adidas Yeezy Boost 350 V2 Yecheil (Reflective),YZB350V2-YCHRF,/images/sneakers/adidas/yeezy/YZB350V2-YCHRF.jpg,12/19/2019,$250,998.0,128.0%,$507,FX4145,YECHEIL/YECHEIL/YECHEIL
https://stockx.com/adidas-yeezy-boost-380-pepper-reflective,adidas Yeezy Boost 380 Pepper Reflective,YB380-PPRRF,/images/sneakers/adidas/yeezy/YB380-PPRRF.jpg,09/11/2020,$250,968.0,27.0%,$271,FZ4977,PEPPER/PEPPER/PEPPER
https://stockx.com/adidas-yeezy-500-high-frosted-blue,adidas Yeezy 500 High Frosted Blue,ADI-ADY5HFBFF,/images/sneakers/adidas/yeezy/ADI-ADY5HFBFF.jpg,04/12/2021,$200,969.0,34.7%,$273,GZ5544,FROSTED BLUE/FROSTED BLUE-FROSTED BLUE
https://stockx.com/adidas-yeezy-powerphase-clear-brown,adidas Yeezy Powerphase Clear Brown,YZYPP-CB,/images/sneakers/adidas/yeezy/YZYPP-CB.jpg,09/18/2019,$120,720.0,4.2%,$129,FV6126,CLEAR BROWN/CLEAR BROWN/CLEAR BROWN
https://stockx.com/adidas-yeezy-boost-700-mnvn-orange,adidas Yeezy Boost 700 MNVN Orange,YZY700M-ORG,/images/sneakers/adidas/yeezy/YZY700M-ORG.jpg,02/28/2020,$220,638.0,148.6%,$485,FV3258,ORANGE/ORANGE/ORANGE
https://stockx.com/adidas-yeezy-powerphase-simple-brown,adidas Yeezy Powerphase Simple Brown,YZYPP-SB,/images/sneakers/adidas/yeezy/YZYPP-SB.jpg,09/18/2019,$120,631.0,32.5%,$123,FV6129,SIMPLE BROWN/SIMPLE BROWN/SIMPLE BROWN
https://stockx.com/adidas-yeezy-boost-350-v2-carbon-infants,adidas Yeezy Boost 350 V2 Carbon (Infants),YZB350V2-CBNI,/images/sneakers/adidas/yeezy/YZB350V2-CBNI.jpg,10/02/2020,$140,605.0,70.0%,$204,FZ5002,CARBON/CARBON/CARBON
https://stockx.com/adidas-yeezy-boost-380-yecoraite-reflective,adidas Yeezy Boost 380 Yecoraite Reflective,YB380-YCRTRF,/images/sneakers/adidas/yeezy/YB380-YCRTRF.jpg,01/16/2021,$250,554.0,16.8%,$318,GY2649,YECORAITE/YECORAITE/YECORAITE
https://stockx.com/adidas-yeezy-boost-380-pepper-kids,adidas Yeezy Boost 380 Pepper (Kids),YB380-PPRK,/images/sneakers/adidas/yeezy/YB380-PPRK.jpg,09/19/2020,$170,,,,FZ4417,PEPPER/PEPPER/PEPPER
https://stockx.com/adidas-yeezy-boost-350-v2-lundmark-kids,adidas Yeezy Boost 350 V2 Lundmark (Kids),350V2-LMPS,/images/sneakers/adidas/yeezy/350V2-LMPS.jpg,07/13/2019,$160,,,,FV3244,LUNDMARK/LUNDMARK/LUNDMARK
https://stockx.com/adidas-yeezy-boost-380-onyx-reflective,adidas Yeezy Boost 380 Onyx Reflective,YB380-ONXRF,/images/sneakers/adidas/yeezy/YB380-ONXRF.jpg,11/27/2020,$250,,,,H02536,ONYX/ONYX/ONYX
https://stockx.com/adidas-yeezy-powerphase-calabasas-grey,adidas Yeezy Powerphase Calabasas Grey,YZYPWRPH-GRY,/images/sneakers/adidas/yeezy/YZYPWRPH-GRY.jpg,12/09/2017,$120,,,,CG6422,GREY/GREY/GREY
https://stockx.com/adidas-yeezy-boost-380-mist-reflective,adidas Yeezy Boost 380 Mist Reflective,YZB380-MSTRF,/images/sneakers/adidas/yeezy/YZB380-MSTRF.jpg,02/29/2020,$250,,,,FX9846,MIST/MIST/MIST
https://stockx.com/adidas-yeezy-500-desert-rat-moon-yellow,adidas Yeezy 500 Super Moon Yellow,YZY500-YLLW,/images/sneakers/adidas/yeezy/YZY500-YLLW.jpg,06/09/2018,$200,,,,DB2966,SUPER MOON YELLOW/SUPER MOON YELLOW/SUPER MOON YELLOW
https://stockx.com/adidas-yeezy-boost-700-v2-inertia,adidas Yeezy Boost 700 V2 Inertia,YZB700V2-INRTA,/images/sneakers/adidas/yeezy/YZB700V2-INRTA.jpg,09/07/2019,$300,,,,FW2549,INERTIA/INERTIA/INERTIA
https://stockx.com/adidas-yeezy-boost-350-v2-cloud-white-reflective,adidas Yeezy Boost 350 V2 Cloud White (Reflective),AD-YB350V2WHR,/images/sneakers/adidas/yeezy/AD-YB350V2WHR.jpg,09/19/2019,$220,,,,FW5317,CLOUD WHITE/CLOUD WHITE/CLOUD WHITE
https://stockx.com/adidas-yeezy-700-v3-arzareth-infants,adidas Yeezy 700 V3 Arzareth (Infants),YZB700V3-AZRTI,/images/sneakers/adidas/yeezy/YZB700V3-AZRTI.jpg,08/29/2020,$100,,,,G54852,AZARETH/AZARETH/AZARETH
https://stockx.com/adidas-yeezy-boost-380-hylte-glow,adidas Yeezy Boost 380 Hylte Glow,YB380-BLGF,/images/sneakers/adidas/yeezy/YB380-BLGF.jpg,12/12/2020,$230,,,,FZ4994,HYLTE/HYLTE/HYLTE
https://stockx.com/adidas-yeezy-boost-350-v2-yeshaya-reflective,adidas Yeezy Boost 350 V2 Yeshaya (Reflective),YZB350V2-YSHRF,/images/sneakers/adidas/yeezy/YZB350V2-YSHRF.jpg,01/24/2020,$250,,,,FX4349,YESHAYA/YESHAYA/YESHAYA
https://stockx.com/adidas-yeezy-boost-700-wave-runner-solid-grey-kids,adidas Yeezy Boost 700 Wave Runner Solid Grey (Kids),YZYB700-WRSGK,/images/sneakers/adidas/yeezy/YZYB700-WRSGK.jpg,08/17/2019,$180,,,,FU9005,SOLID GREY/CHALK WHITE/CORE BLACK
https://stockx.com/yeezy-slide-bone-kids,adidas Yeezy Slide Bone (Kids),YZSLD-BNK,/images/sneakers/adidas/yeezy/YZSLD-BNK.jpg,12/06/2019,$45,,,,FW6347,BONE/BONE/BONE
https://stockx.com/adidas-yeezy-boost-350-v2-hyperspace,adidas Yeezy Boost 350 V2 Hyperspace,YZB350V2-HS,/images/sneakers/adidas/yeezy/YZB350V2-HS.jpg,03/16/2019,$220,,,,EG7491,GREY/GREY/GREY
https://stockx.com/adidas-yeezy-boost-350-v2-antlia-kids,adidas Yeezy Boost 350 V2 Antlia (Kids),YZB350V2-ANTPS,/images/sneakers/adidas/yeezy/YZB350V2-ANTPS.jpg,06/22/2019,$160,,,,FV3252,ANTLIA/ANTLIA/ANTLIA
https://stockx.com/yeezy-slide-resin-infants,adidas Yeezy Slide Resin (Infants),YZSLD-RSNI,/images/sneakers/adidas/yeezy/YZSLD-RSNI.jpg,12/06/2019,$35,,,,FX0496,RESIN/RESIN/RESIN
https://stockx.com/adidas-yeezy-boost-350-v2-clay-ps,adidas Yeezy Boost 350 V2 Clay (Kids),YZB350V2-CLYPS,/images/sneakers/adidas/yeezy/YZB350V2-CLYPS.jpg,03/30/2019,$160,,,,EG6872,CLAY/CLAY/CLAY
https://stockx.com/adidas-yeezy-700-v3-alvah-kids,adidas Yeezy 700 V3 Alvah (Kids),YZB700V3-ALVK,/images/sneakers/adidas/yeezy/YZB700V3-ALVK.jpg,04/11/2020,$160,,,,H67800,ALVAH/ALVAH/ALVAH
https://stockx.com/adidas-yeezy-boost-700-mnvn-black-kids,adidas Yeezy Boost 700 MNVN Black (Kids),YZB700M-BL,/images/sneakers/adidas/yeezy/YZB700M-BL.jpg,05/23/2020,$160,,,,FY4394,BLACK/BLACK/BLACK
https://stockx.com/adidas-yeezy-boost-350-v2-lundmark-reflective,adidas Yeezy Boost 350 V2 Lundmark (Reflective),350V2-LMR,/images/sneakers/adidas/yeezy/350V2-LMR.jpg,07/11/2019,$250,,,,FV3254,LUNDMARK/LUNDMARK/LUNDMARK